observation_date,latitude,longitude,temperature_mean_c,temperature_max_c,temperature_min_c,relative_humidity_pct,precipitation_mm,source_name,source_url,publish_date,license,crawl_date,verified,data_type,geographic_scope
2025-01-01,21.386,103.016,13.98,21.55,8.63,80.76,0.0,NASA POWER Daily API,"https://power.larc.nasa.gov/api/temporal/daily/point?parameters=PRECTOTCORR,T2M,T2M_MAX,T2M_MIN,RH2M&community=AG&longitude=103.016&latitude=21.386&start=20250101&end=20251231&format=JSON",MISSING,NASA Open Data,2026-07-18T20:17:47.892511+00:00,True,modeled,"Điện Biên, Việt Nam"
2025-01-02,21.386,103.016,14.56,21.94,9.27,83.08,0.0,NASA POWER Daily API,"https://power.larc.nasa.gov/api/temporal/daily/point?parameters=PRECTOTCORR,T2M,T2M_MAX,T2M_MIN,RH2M&community=AG&longitude=103.016&latitude=21.386&start=20250101&end=20251231&format=JSON",MISSING,NASA Open Data,2026-07-18T20:17:47.892511+00:00,True,modeled,"Điện Biên, Việt Nam"
2025-01-03,21.386,103.016,14.2,20.56,9.64,81.33,0.0,NASA POWER Daily API,"https://power.larc.nasa.gov/api/temporal/daily/point?parameters=PRECTOTCORR,T2M,T2M_MAX,T2M_MIN,RH2M&community=AG&longitude=103.016&latitude=21.386&start=20250101&end=20251231&format=JSON",MISSING,NASA Open Data,2026-07-18T20:17:47.892511+00:00,True,modeled,"Điện Biên, Việt Nam"
2025-01-04,21.386,103.016,13.89,21.19,8.48,78.66,0.0,NASA POWER Daily API,"https://power.larc.nasa.gov/api/temporal/daily/point?parameters=PRECTOTCORR,T2M,T2M_MAX,T2M_MIN,RH2M&community=AG&longitude=103.016&latitude=21.386&start=20250101&end=20251231&format=JSON",MISSING,NASA Open Data,2026-07-18T20:17:47.892511+00:00,True,modeled,"Điện Biên, Việt Nam"
2025-01-05,21.386,103.016,13.9,19.66,9.7,76.99,0.15,NASA POWER Daily API,"https://power.larc.nasa.gov/api/temporal/daily/point?parameters=PRECTOTCORR,T2M,T2M_MAX,T2M_MIN,RH2M&community=AG&longitude=103.016&latitude=21.386&start=20250101&end=20251231&format=JSON",MISSING,NASA Open Data,2026-07-18T20:17:47.892511+00:00,True,modeled,"Điện Biên, Việt Nam"
2025-01-06,21.386,103.016,13.74,21.11,7.03,76.45,0.0,NASA POWER Daily API,"https://power.larc.nasa.gov/api/temporal/daily/point?parameters=PRECTOTCORR,T2M,T2M_MAX,T2M_MIN,RH2M&community=AG&longitude=103.016&latitude=21.386&start=20250101&end=20251231&format=JSON",MISSING,NASA Open Data,2026-07-18T20:17:47.892511+00:00,True,modeled,"Điện Biên, Việt Nam"
2025-01-07,21.386,103.016,13.87,21.6,7.73,80.37,0.0,NASA POWER Daily API,"https://power.larc.nasa.gov/api/temporal/daily/point?parameters=PRECTOTCORR,T2M,T2M_MAX,T2M_MIN,RH2M&community=AG&longitude=103.016&latitude=21.386&start=20250101&end=20251231&format=JSON",MISSING,NASA Open Data,2026-07-18T20:17:47.892511+00:00,True,modeled,"Điện Biên, Việt Nam"
2025-01-08,21.386,103.016,14.8,21.41,10.02,83.8,0.08,NASA POWER Daily API,"https://power.larc.nasa.gov/api/temporal/daily/point?parameters=PRECTOTCORR,T2M,T2M_MAX,T2M_MIN,RH2M&community=AG&longitude=103.016&latitude=21.386&start=20250101&end=20251231&format=JSON",MISSING,NASA Open Data,2026-07-18T20:17:47.892511+00:00,True,modeled,"Điện Biên, Việt Nam"
2025-01-09,21.386,103.016,15.7,22.16,11.72,81.17,0.48,NASA POWER Daily API,"https://power.larc.nasa.gov/api/temporal/daily/point?parameters=PRECTOTCORR,T2M,T2M_MAX,T2M_MIN,RH2M&community=AG&longitude=103.016&latitude=21.386&start=20250101&end=20251231&format=JSON",MISSING,NASA Open Data,2026-07-18T20:17:47.892511+00:00,True,modeled,"Điện Biên, Việt Nam"
2025-01-10,21.386,103.016,11.95,17.36,8.44,76.52,0.55,NASA POWER Daily API,"https://power.larc.nasa.gov/api/temporal/daily/point?parameters=PRECTOTCORR,T2M,T2M_MAX,T2M_MIN,RH2M&community=AG&longitude=103.016&latitude=21.386&start=20250101&end=20251231&format=JSON",MISSING,NASA Open Data,2026-07-18T20:17:47.892511+00:00,True,modeled,"Điện Biên, Việt Nam"
2025-01-11,21.386,103.016,9.67,14.02,6.63,75.21,0.45,NASA POWER Daily API,"https://power.larc.nasa.gov/api/temporal/daily/point?parameters=PRECTOTCORR,T2M,T2M_MAX,T2M_MIN,RH2M&community=AG&longitude=103.016&latitude=21.386&start=20250101&end=20251231&format=JSON",MISSING,NASA Open Data,2026-07-18T20:17:47.892511+00:00,True,modeled,"Điện Biên, Việt Nam"
2025-01-12,21.386,103.016,9.63,17.2,3.63,71.52,0.0,NASA POWER Daily API,"https://power.larc.nasa.gov/api/temporal/daily/point?parameters=PRECTOTCORR,T2M,T2M_MAX,T2M_MIN,RH2M&community=AG&longitude=103.016&latitude=21.386&start=20250101&end=20251231&format=JSON",MISSING,NASA Open Data,2026-07-18T20:17:47.892511+00:00,True,modeled,"Điện Biên, Việt Nam"
2025-01-13,21.386,103.016,10.38,18.42,3.61,66.15,0.0,NASA POWER Daily API,"https://power.larc.nasa.gov/api/temporal/daily/point?parameters=PRECTOTCORR,T2M,T2M_MAX,T2M_MIN,RH2M&community=AG&longitude=103.016&latitude=21.386&start=20250101&end=20251231&format=JSON",MISSING,NASA Open Data,2026-07-18T20:17:47.892511+00:00,True,modeled,"Điện Biên, Việt Nam"
2025-01-14,21.386,103.016,12.15,20.73,5.16,69.32,0.0,NASA POWER Daily API,"https://power.larc.nasa.gov/api/temporal/daily/point?parameters=PRECTOTCORR,T2M,T2M_MAX,T2M_MIN,RH2M&community=AG&longitude=103.016&latitude=21.386&start=20250101&end=20251231&format=JSON",MISSING,NASA Open Data,2026-07-18T20:17:47.892511+00:00,True,modeled,"Điện Biên, Việt Nam"
2025-01-15,21.386,103.016,11.61,18.04,6.69,78.15,0.0,NASA POWER Daily API,"https://power.larc.nasa.gov/api/temporal/daily/point?parameters=PRECTOTCORR,T2M,T2M_MAX,T2M_MIN,RH2M&community=AG&longitude=103.016&latitude=21.386&start=20250101&end=20251231&format=JSON",MISSING,NASA Open Data,2026-07-18T20:17:47.892511+00:00,True,modeled,"Điện Biên, Việt Nam"
2025-01-16,21.386,103.016,11.59,19.1,5.91,74.39,0.0,NASA POWER Daily API,"https://power.larc.nasa.gov/api/temporal/daily/point?parameters=PRECTOTCORR,T2M,T2M_MAX,T2M_MIN,RH2M&community=AG&longitude=103.016&latitude=21.386&start=20250101&end=20251231&format=JSON",MISSING,NASA Open Data,2026-07-18T20:17:47.892511+00:00,True,modeled,"Điện Biên, Việt Nam"
2025-01-17,21.386,103.016,12.11,20.45,4.92,72.97,0.0,NASA POWER Daily API,"https://power.larc.nasa.gov/api/temporal/daily/point?parameters=PRECTOTCORR,T2M,T2M_MAX,T2M_MIN,RH2M&community=AG&longitude=103.016&latitude=21.386&start=20250101&end=20251231&format=JSON",MISSING,NASA Open Data,2026-07-18T20:17:47.892511+00:00,True,modeled,"Điện Biên, Việt Nam"
2025-01-18,21.386,103.016,13.46,22.43,6.07,77.36,0.02,NASA POWER Daily API,"https://power.larc.nasa.gov/api/temporal/daily/point?parameters=PRECTOTCORR,T2M,T2M_MAX,T2M_MIN,RH2M&community=AG&longitude=103.016&latitude=21.386&start=20250101&end=20251231&format=JSON",MISSING,NASA Open Data,2026-07-18T20:17:47.892511+00:00,True,modeled,"Điện Biên, Việt Nam"
2025-01-19,21.386,103.016,13.76,21.29,8.8,81.66,0.19,NASA POWER Daily API,"https://power.larc.nasa.gov/api/temporal/daily/point?parameters=PRECTOTCORR,T2M,T2M_MAX,T2M_MIN,RH2M&community=AG&longitude=103.016&latitude=21.386&start=20250101&end=20251231&format=JSON",MISSING,NASA Open Data,2026-07-18T20:17:47.892511+00:00,True,modeled,"Điện Biên, Việt Nam"
2025-01-20,21.386,103.016,14.79,22.86,9.1,81.31,0.01,NASA POWER Daily API,"https://power.larc.nasa.gov/api/temporal/daily/point?parameters=PRECTOTCORR,T2M,T2M_MAX,T2M_MIN,RH2M&community=AG&longitude=103.016&latitude=21.386&start=20250101&end=20251231&format=JSON",MISSING,NASA Open Data,2026-07-18T20:17:47.892511+00:00,True,modeled,"Điện Biên, Việt Nam"
2025-01-21,21.386,103.016,16.37,24.65,9.54,76.61,0.03,NASA POWER Daily API,"https://power.larc.nasa.gov/api/temporal/daily/point?parameters=PRECTOTCORR,T2M,T2M_MAX,T2M_MIN,RH2M&community=AG&longitude=103.016&latitude=21.386&start=20250101&end=20251231&format=JSON",MISSING,NASA Open Data,2026-07-18T20:17:47.892511+00:00,True,modeled,"Điện Biên, Việt Nam"
2025-01-22,21.386,103.016,17.05,25.62,9.75,76.3,0.02,NASA POWER Daily API,"https://power.larc.nasa.gov/api/temporal/daily/point?parameters=PRECTOTCORR,T2M,T2M_MAX,T2M_MIN,RH2M&community=AG&longitude=103.016&latitude=21.386&start=20250101&end=20251231&format=JSON",MISSING,NASA Open Data,2026-07-18T20:17:47.892511+00:00,True,modeled,"Điện Biên, Việt Nam"
2025-01-23,21.386,103.016,18.02,25.79,10.98,74.33,0.15,NASA POWER Daily API,"https://power.larc.nasa.gov/api/temporal/daily/point?parameters=PRECTOTCORR,T2M,T2M_MAX,T2M_MIN,RH2M&community=AG&longitude=103.016&latitude=21.386&start=20250101&end=20251231&format=JSON",MISSING,NASA Open Data,2026-07-18T20:17:47.892511+00:00,True,modeled,"Điện Biên, Việt Nam"
2025-01-24,21.386,103.016,18.16,25.95,10.73,67.57,0.0,NASA POWER Daily API,"https://power.larc.nasa.gov/api/temporal/daily/point?parameters=PRECTOTCORR,T2M,T2M_MAX,T2M_MIN,RH2M&community=AG&longitude=103.016&latitude=21.386&start=20250101&end=20251231&format=JSON",MISSING,NASA Open Data,2026-07-18T20:17:47.892511+00:00,True,modeled,"Điện Biên, Việt Nam"
2025-01-25,21.386,103.016,18.09,26.22,11.91,68.84,0.06,NASA POWER Daily API,"https://power.larc.nasa.gov/api/temporal/daily/point?parameters=PRECTOTCORR,T2M,T2M_MAX,T2M_MIN,RH2M&community=AG&longitude=103.016&latitude=21.386&start=20250101&end=20251231&format=JSON",MISSING,NASA Open Data,2026-07-18T20:17:47.892511+00:00,True,modeled,"Điện Biên, Việt Nam"
2025-01-26,21.386,103.016,10.11,14.68,6.93,80.37,4.69,NASA POWER Daily API,"https://power.larc.nasa.gov/api/temporal/daily/point?parameters=PRECTOTCORR,T2M,T2M_MAX,T2M_MIN,RH2M&community=AG&longitude=103.016&latitude=21.386&start=20250101&end=20251231&format=JSON",MISSING,NASA Open Data,2026-07-18T20:17:47.892511+00:00,True,modeled,"Điện Biên, Việt Nam"
2025-01-27,21.386,103.016,8.83,14.01,5.83,68.93,0.31,NASA POWER Daily API,"https://power.larc.nasa.gov/api/temporal/daily/point?parameters=PRECTOTCORR,T2M,T2M_MAX,T2M_MIN,RH2M&community=AG&longitude=103.016&latitude=21.386&start=20250101&end=20251231&format=JSON",MISSING,NASA Open Data,2026-07-18T20:17:47.892511+00:00,True,modeled,"Điện Biên, Việt Nam"
2025-01-28,21.386,103.016,8.28,15.5,3.48,70.71,1.27,NASA POWER Daily API,"https://power.larc.nasa.gov/api/temporal/daily/point?parameters=PRECTOTCORR,T2M,T2M_MAX,T2M_MIN,RH2M&community=AG&longitude=103.016&latitude=21.386&start=20250101&end=20251231&format=JSON",MISSING,NASA Open Data,2026-07-18T20:17:47.892511+00:00,True,modeled,"Điện Biên, Việt Nam"
2025-01-29,21.386,103.016,10.38,19.36,3.3,71.82,0.3,NASA POWER Daily API,"https://power.larc.nasa.gov/api/temporal/daily/point?parameters=PRECTOTCORR,T2M,T2M_MAX,T2M_MIN,RH2M&community=AG&longitude=103.016&latitude=21.386&start=20250101&end=20251231&format=JSON",MISSING,NASA Open Data,2026-07-18T20:17:47.892511+00:00,True,modeled,"Điện Biên, Việt Nam"
2025-01-30,21.386,103.016,14.83,22.76,6.99,73.27,0.06,NASA POWER Daily API,"https://power.larc.nasa.gov/api/temporal/daily/point?parameters=PRECTOTCORR,T2M,T2M_MAX,T2M_MIN,RH2M&community=AG&longitude=103.016&latitude=21.386&start=20250101&end=20251231&format=JSON",MISSING,NASA Open Data,2026-07-18T20:17:47.892511+00:00,True,modeled,"Điện Biên, Việt Nam"
2025-01-31,21.386,103.016,17.7,24.55,10.46,71.47,0.0,NASA POWER Daily API,"https://power.larc.nasa.gov/api/temporal/daily/point?parameters=PRECTOTCORR,T2M,T2M_MAX,T2M_MIN,RH2M&community=AG&longitude=103.016&latitude=21.386&start=20250101&end=20251231&format=JSON",MISSING,NASA Open Data,2026-07-18T20:17:47.892511+00:00,True,modeled,"Điện Biên, Việt Nam"
2025-02-01,21.386,103.016,18.0,25.69,11.0,70.06,0.0,NASA POWER Daily API,"https://power.larc.nasa.gov/api/temporal/daily/point?parameters=PRECTOTCORR,T2M,T2M_MAX,T2M_MIN,RH2M&community=AG&longitude=103.016&latitude=21.386&start=20250101&end=20251231&format=JSON",MISSING,NASA Open Data,2026-07-18T20:17:47.892511+00:00,True,modeled,"Điện Biên, Việt Nam"
2025-02-02,21.386,103.016,18.51,26.65,12.77,67.5,0.01,NASA POWER Daily API,"https://power.larc.nasa.gov/api/temporal/daily/point?parameters=PRECTOTCORR,T2M,T2M_MAX,T2M_MIN,RH2M&community=AG&longitude=103.016&latitude=21.386&start=20250101&end=20251231&format=JSON",MISSING,NASA Open Data,2026-07-18T20:17:47.892511+00:00,True,modeled,"Điện Biên, Việt Nam"
2025-02-03,21.386,103.016,12.5,15.65,8.43,82.94,0.63,NASA POWER Daily API,"https://power.larc.nasa.gov/api/temporal/daily/point?parameters=PRECTOTCORR,T2M,T2M_MAX,T2M_MIN,RH2M&community=AG&longitude=103.016&latitude=21.386&start=20250101&end=20251231&format=JSON",MISSING,NASA Open Data,2026-07-18T20:17:47.892511+00:00,True,modeled,"Điện Biên, Việt Nam"
2025-02-04,21.386,103.016,11.24,18.59,6.0,73.81,0.21,NASA POWER Daily API,"https://power.larc.nasa.gov/api/temporal/daily/point?parameters=PRECTOTCORR,T2M,T2M_MAX,T2M_MIN,RH2M&community=AG&longitude=103.016&latitude=21.386&start=20250101&end=20251231&format=JSON",MISSING,NASA Open Data,2026-07-18T20:17:47.892511+00:00,True,modeled,"Điện Biên, Việt Nam"
2025-02-05,21.386,103.016,15.11,23.6,8.31,75.56,0.07,NASA POWER Daily API,"https://power.larc.nasa.gov/api/temporal/daily/point?parameters=PRECTOTCORR,T2M,T2M_MAX,T2M_MIN,RH2M&community=AG&longitude=103.016&latitude=21.386&start=20250101&end=20251231&format=JSON",MISSING,NASA Open Data,2026-07-18T20:17:47.892511+00:00,True,modeled,"Điện Biên, Việt Nam"
2025-02-06,21.386,103.016,17.56,25.94,10.97,76.82,0.11,NASA POWER Daily API,"https://power.larc.nasa.gov/api/temporal/daily/point?parameters=PRECTOTCORR,T2M,T2M_MAX,T2M_MIN,RH2M&community=AG&longitude=103.016&latitude=21.386&start=20250101&end=20251231&format=JSON",MISSING,NASA Open Data,2026-07-18T20:17:47.892511+00:00,True,modeled,"Điện Biên, Việt Nam"
2025-02-07,21.386,103.016,13.54,17.4,9.57,82.01,0.6,NASA POWER Daily API,"https://power.larc.nasa.gov/api/temporal/daily/point?parameters=PRECTOTCORR,T2M,T2M_MAX,T2M_MIN,RH2M&community=AG&longitude=103.016&latitude=21.386&start=20250101&end=20251231&format=JSON",MISSING,NASA Open Data,2026-07-18T20:17:47.892511+00:00,True,modeled,"Điện Biên, Việt Nam"
2025-02-08,21.386,103.016,10.37,14.89,7.13,77.39,0.68,NASA POWER Daily API,"https://power.larc.nasa.gov/api/temporal/daily/point?parameters=PRECTOTCORR,T2M,T2M_MAX,T2M_MIN,RH2M&community=AG&longitude=103.016&latitude=21.386&start=20250101&end=20251231&format=JSON",MISSING,NASA Open Data,2026-07-18T20:17:47.892511+00:00,True,modeled,"Điện Biên, Việt Nam"
2025-02-09,21.386,103.016,11.47,19.63,6.05,73.47,0.44,NASA POWER Daily API,"https://power.larc.nasa.gov/api/temporal/daily/point?parameters=PRECTOTCORR,T2M,T2M_MAX,T2M_MIN,RH2M&community=AG&longitude=103.016&latitude=21.386&start=20250101&end=20251231&format=JSON",MISSING,NASA Open Data,2026-07-18T20:17:47.892511+00:00,True,modeled,"Điện Biên, Việt Nam"
2025-02-10,21.386,103.016,13.74,23.42,6.36,76.55,0.07,NASA POWER Daily API,"https://power.larc.nasa.gov/api/temporal/daily/point?parameters=PRECTOTCORR,T2M,T2M_MAX,T2M_MIN,RH2M&community=AG&longitude=103.016&latitude=21.386&start=20250101&end=20251231&format=JSON",MISSING,NASA Open Data,2026-07-18T20:17:47.892511+00:00,True,modeled,"Điện Biên, Việt Nam"
2025-02-11,21.386,103.016,17.64,26.75,9.86,69.95,0.02,NASA POWER Daily API,"https://power.larc.nasa.gov/api/temporal/daily/point?parameters=PRECTOTCORR,T2M,T2M_MAX,T2M_MIN,RH2M&community=AG&longitude=103.016&latitude=21.386&start=20250101&end=20251231&format=JSON",MISSING,NASA Open Data,2026-07-18T20:17:47.892511+00:00,True,modeled,"Điện Biên, Việt Nam"
2025-02-12,21.386,103.016,19.05,27.98,11.62,66.64,0.04,NASA POWER Daily API,"https://power.larc.nasa.gov/api/temporal/daily/point?parameters=PRECTOTCORR,T2M,T2M_MAX,T2M_MIN,RH2M&community=AG&longitude=103.016&latitude=21.386&start=20250101&end=20251231&format=JSON",MISSING,NASA Open Data,2026-07-18T20:17:47.892511+00:00,True,modeled,"Điện Biên, Việt Nam"
2025-02-13,21.386,103.016,18.66,27.39,13.03,75.69,0.16,NASA POWER Daily API,"https://power.larc.nasa.gov/api/temporal/daily/point?parameters=PRECTOTCORR,T2M,T2M_MAX,T2M_MIN,RH2M&community=AG&longitude=103.016&latitude=21.386&start=20250101&end=20251231&format=JSON",MISSING,NASA Open Data,2026-07-18T20:17:47.892511+00:00,True,modeled,"Điện Biên, Việt Nam"
2025-02-14,21.386,103.016,19.46,28.15,11.99,68.87,0.09,NASA POWER Daily API,"https://power.larc.nasa.gov/api/temporal/daily/point?parameters=PRECTOTCORR,T2M,T2M_MAX,T2M_MIN,RH2M&community=AG&longitude=103.016&latitude=21.386&start=20250101&end=20251231&format=JSON",MISSING,NASA Open Data,2026-07-18T20:17:47.892511+00:00,True,modeled,"Điện Biên, Việt Nam"
2025-02-15,21.386,103.016,20.4,28.28,14.02,60.87,0.0,NASA POWER Daily API,"https://power.larc.nasa.gov/api/temporal/daily/point?parameters=PRECTOTCORR,T2M,T2M_MAX,T2M_MIN,RH2M&community=AG&longitude=103.016&latitude=21.386&start=20250101&end=20251231&format=JSON",MISSING,NASA Open Data,2026-07-18T20:17:47.892511+00:00,True,modeled,"Điện Biên, Việt Nam"
2025-02-16,21.386,103.016,19.52,28.53,12.28,70.66,0.14,NASA POWER Daily API,"https://power.larc.nasa.gov/api/temporal/daily/point?parameters=PRECTOTCORR,T2M,T2M_MAX,T2M_MIN,RH2M&community=AG&longitude=103.016&latitude=21.386&start=20250101&end=20251231&format=JSON",MISSING,NASA Open Data,2026-07-18T20:17:47.892511+00:00,True,modeled,"Điện Biên, Việt Nam"
2025-02-17,21.386,103.016,19.99,27.77,13.92,74.64,0.01,NASA POWER Daily API,"https://power.larc.nasa.gov/api/temporal/daily/point?parameters=PRECTOTCORR,T2M,T2M_MAX,T2M_MIN,RH2M&community=AG&longitude=103.016&latitude=21.386&start=20250101&end=20251231&format=JSON",MISSING,NASA Open Data,2026-07-18T20:17:47.892511+00:00,True,modeled,"Điện Biên, Việt Nam"
2025-02-18,21.386,103.016,19.74,27.43,14.59,74.04,0.27,NASA POWER Daily API,"https://power.larc.nasa.gov/api/temporal/daily/point?parameters=PRECTOTCORR,T2M,T2M_MAX,T2M_MIN,RH2M&community=AG&longitude=103.016&latitude=21.386&start=20250101&end=20251231&format=JSON",MISSING,NASA Open Data,2026-07-18T20:17:47.892511+00:00,True,modeled,"Điện Biên, Việt Nam"
2025-02-19,21.386,103.016,18.07,25.13,13.22,80.68,0.29,NASA POWER Daily API,"https://power.larc.nasa.gov/api/temporal/daily/point?parameters=PRECTOTCORR,T2M,T2M_MAX,T2M_MIN,RH2M&community=AG&longitude=103.016&latitude=21.386&start=20250101&end=20251231&format=JSON",MISSING,NASA Open Data,2026-07-18T20:17:47.892511+00:00,True,modeled,"Điện Biên, Việt Nam"
2025-02-20,21.386,103.016,19.98,28.04,13.64,74.25,0.59,NASA POWER Daily API,"https://power.larc.nasa.gov/api/temporal/daily/point?parameters=PRECTOTCORR,T2M,T2M_MAX,T2M_MIN,RH2M&community=AG&longitude=103.016&latitude=21.386&start=20250101&end=20251231&format=JSON",MISSING,NASA Open Data,2026-07-18T20:17:47.892511+00:00,True,modeled,"Điện Biên, Việt Nam"
2025-02-21,21.386,103.016,19.38,26.21,15.14,81.16,3.36,NASA POWER Daily API,"https://power.larc.nasa.gov/api/temporal/daily/point?parameters=PRECTOTCORR,T2M,T2M_MAX,T2M_MIN,RH2M&community=AG&longitude=103.016&latitude=21.386&start=20250101&end=20251231&format=JSON",MISSING,NASA Open Data,2026-07-18T20:17:47.892511+00:00,True,modeled,"Điện Biên, Việt Nam"
2025-02-22,21.386,103.016,19.41,26.86,14.63,80.17,3.96,NASA POWER Daily API,"https://power.larc.nasa.gov/api/temporal/daily/point?parameters=PRECTOTCORR,T2M,T2M_MAX,T2M_MIN,RH2M&community=AG&longitude=103.016&latitude=21.386&start=20250101&end=20251231&format=JSON",MISSING,NASA Open Data,2026-07-18T20:17:47.892511+00:00,True,modeled,"Điện Biên, Việt Nam"
2025-02-23,21.386,103.016,17.0,22.8,11.97,82.71,4.03,NASA POWER Daily API,"https://power.larc.nasa.gov/api/temporal/daily/point?parameters=PRECTOTCORR,T2M,T2M_MAX,T2M_MIN,RH2M&community=AG&longitude=103.016&latitude=21.386&start=20250101&end=20251231&format=JSON",MISSING,NASA Open Data,2026-07-18T20:17:47.892511+00:00,True,modeled,"Điện Biên, Việt Nam"
2025-02-24,21.386,103.016,12.97,18.13,10.32,82.14,8.62,NASA POWER Daily API,"https://power.larc.nasa.gov/api/temporal/daily/point?parameters=PRECTOTCORR,T2M,T2M_MAX,T2M_MIN,RH2M&community=AG&longitude=103.016&latitude=21.386&start=20250101&end=20251231&format=JSON",MISSING,NASA Open Data,2026-07-18T20:17:47.892511+00:00,True,modeled,"Điện Biên, Việt Nam"
2025-02-25,21.386,103.016,13.89,19.63,9.39,86.85,5.32,NASA POWER Daily API,"https://power.larc.nasa.gov/api/temporal/daily/point?parameters=PRECTOTCORR,T2M,T2M_MAX,T2M_MIN,RH2M&community=AG&longitude=103.016&latitude=21.386&start=20250101&end=20251231&format=JSON",MISSING,NASA Open Data,2026-07-18T20:17:47.892511+00:00,True,modeled,"Điện Biên, Việt Nam"
2025-02-26,21.386,103.016,16.74,24.62,11.17,82.81,6.77,NASA POWER Daily API,"https://power.larc.nasa.gov/api/temporal/daily/point?parameters=PRECTOTCORR,T2M,T2M_MAX,T2M_MIN,RH2M&community=AG&longitude=103.016&latitude=21.386&start=20250101&end=20251231&format=JSON",MISSING,NASA Open Data,2026-07-18T20:17:47.892511+00:00,True,modeled,"Điện Biên, Việt Nam"
2025-02-27,21.386,103.016,19.12,26.72,12.04,67.82,0.0,NASA POWER Daily API,"https://power.larc.nasa.gov/api/temporal/daily/point?parameters=PRECTOTCORR,T2M,T2M_MAX,T2M_MIN,RH2M&community=AG&longitude=103.016&latitude=21.386&start=20250101&end=20251231&format=JSON",MISSING,NASA Open Data,2026-07-18T20:17:47.892511+00:00,True,modeled,"Điện Biên, Việt Nam"
2025-02-28,21.386,103.016,21.09,28.83,13.59,59.81,0.0,NASA POWER Daily API,"https://power.larc.nasa.gov/api/temporal/daily/point?parameters=PRECTOTCORR,T2M,T2M_MAX,T2M_MIN,RH2M&community=AG&longitude=103.016&latitude=21.386&start=20250101&end=20251231&format=JSON",MISSING,NASA Open Data,2026-07-18T20:17:47.892511+00:00,True,modeled,"Điện Biên, Việt Nam"
2025-03-01,21.386,103.016,21.33,30.26,13.31,65.76,0.0,NASA POWER Daily API,"https://power.larc.nasa.gov/api/temporal/daily/point?parameters=PRECTOTCORR,T2M,T2M_MAX,T2M_MIN,RH2M&community=AG&longitude=103.016&latitude=21.386&start=20250101&end=20251231&format=JSON",MISSING,NASA Open Data,2026-07-18T20:17:47.892511+00:00,True,modeled,"Điện Biên, Việt Nam"
2025-03-02,21.386,103.016,22.02,30.47,14.83,60.74,0.0,NASA POWER Daily API,"https://power.larc.nasa.gov/api/temporal/daily/point?parameters=PRECTOTCORR,T2M,T2M_MAX,T2M_MIN,RH2M&community=AG&longitude=103.016&latitude=21.386&start=20250101&end=20251231&format=JSON",MISSING,NASA Open Data,2026-07-18T20:17:47.892511+00:00,True,modeled,"Điện Biên, Việt Nam"
2025-03-03,21.386,103.016,21.92,30.23,15.31,60.26,0.0,NASA POWER Daily API,"https://power.larc.nasa.gov/api/temporal/daily/point?parameters=PRECTOTCORR,T2M,T2M_MAX,T2M_MIN,RH2M&community=AG&longitude=103.016&latitude=21.386&start=20250101&end=20251231&format=JSON",MISSING,NASA Open Data,2026-07-18T20:17:47.892511+00:00,True,modeled,"Điện Biên, Việt Nam"
2025-03-04,21.386,103.016,21.41,30.36,14.49,60.82,0.0,NASA POWER Daily API,"https://power.larc.nasa.gov/api/temporal/daily/point?parameters=PRECTOTCORR,T2M,T2M_MAX,T2M_MIN,RH2M&community=AG&longitude=103.016&latitude=21.386&start=20250101&end=20251231&format=JSON",MISSING,NASA Open Data,2026-07-18T20:17:47.892511+00:00,True,modeled,"Điện Biên, Việt Nam"
2025-03-05,21.386,103.016,21.74,31.0,14.33,54.31,0.0,NASA POWER Daily API,"https://power.larc.nasa.gov/api/temporal/daily/point?parameters=PRECTOTCORR,T2M,T2M_MAX,T2M_MIN,RH2M&community=AG&longitude=103.016&latitude=21.386&start=20250101&end=20251231&format=JSON",MISSING,NASA Open Data,2026-07-18T20:17:47.892511+00:00,True,modeled,"Điện Biên, Việt Nam"
2025-03-06,21.386,103.016,17.58,22.95,11.51,72.64,0.37,NASA POWER Daily API,"https://power.larc.nasa.gov/api/temporal/daily/point?parameters=PRECTOTCORR,T2M,T2M_MAX,T2M_MIN,RH2M&community=AG&longitude=103.016&latitude=21.386&start=20250101&end=20251231&format=JSON",MISSING,NASA Open Data,2026-07-18T20:17:47.892511+00:00,True,modeled,"Điện Biên, Việt Nam"
2025-03-07,21.386,103.016,13.77,21.36,8.41,70.87,0.3,NASA POWER Daily API,"https://power.larc.nasa.gov/api/temporal/daily/point?parameters=PRECTOTCORR,T2M,T2M_MAX,T2M_MIN,RH2M&community=AG&longitude=103.016&latitude=21.386&start=20250101&end=20251231&format=JSON",MISSING,NASA Open Data,2026-07-18T20:17:47.892511+00:00,True,modeled,"Điện Biên, Việt Nam"
2025-03-08,21.386,103.016,14.79,22.37,9.83,78.36,0.6,NASA POWER Daily API,"https://power.larc.nasa.gov/api/temporal/daily/point?parameters=PRECTOTCORR,T2M,T2M_MAX,T2M_MIN,RH2M&community=AG&longitude=103.016&latitude=21.386&start=20250101&end=20251231&format=JSON",MISSING,NASA Open Data,2026-07-18T20:17:47.892511+00:00,True,modeled,"Điện Biên, Việt Nam"
2025-03-09,21.386,103.016,18.55,28.15,11.4,76.35,1.18,NASA POWER Daily API,"https://power.larc.nasa.gov/api/temporal/daily/point?parameters=PRECTOTCORR,T2M,T2M_MAX,T2M_MIN,RH2M&community=AG&longitude=103.016&latitude=21.386&start=20250101&end=20251231&format=JSON",MISSING,NASA Open Data,2026-07-18T20:17:47.892511+00:00,True,modeled,"Điện Biên, Việt Nam"
2025-03-10,21.386,103.016,20.7,29.77,13.76,73.6,0.75,NASA POWER Daily API,"https://power.larc.nasa.gov/api/temporal/daily/point?parameters=PRECTOTCORR,T2M,T2M_MAX,T2M_MIN,RH2M&community=AG&longitude=103.016&latitude=21.386&start=20250101&end=20251231&format=JSON",MISSING,NASA Open Data,2026-07-18T20:17:47.892511+00:00,True,modeled,"Điện Biên, Việt Nam"
2025-03-11,21.386,103.016,22.77,31.42,15.09,68.14,0.04,NASA POWER Daily API,"https://power.larc.nasa.gov/api/temporal/daily/point?parameters=PRECTOTCORR,T2M,T2M_MAX,T2M_MIN,RH2M&community=AG&longitude=103.016&latitude=21.386&start=20250101&end=20251231&format=JSON",MISSING,NASA Open Data,2026-07-18T20:17:47.892511+00:00,True,modeled,"Điện Biên, Việt Nam"
2025-03-12,21.386,103.016,24.32,32.22,18.19,60.92,0.22,NASA POWER Daily API,"https://power.larc.nasa.gov/api/temporal/daily/point?parameters=PRECTOTCORR,T2M,T2M_MAX,T2M_MIN,RH2M&community=AG&longitude=103.016&latitude=21.386&start=20250101&end=20251231&format=JSON",MISSING,NASA Open Data,2026-07-18T20:17:47.892511+00:00,True,modeled,"Điện Biên, Việt Nam"
2025-03-13,21.386,103.016,23.58,31.04,17.07,68.72,4.11,NASA POWER Daily API,"https://power.larc.nasa.gov/api/temporal/daily/point?parameters=PRECTOTCORR,T2M,T2M_MAX,T2M_MIN,RH2M&community=AG&longitude=103.016&latitude=21.386&start=20250101&end=20251231&format=JSON",MISSING,NASA Open Data,2026-07-18T20:17:47.892511+00:00,True,modeled,"Điện Biên, Việt Nam"
2025-03-14,21.386,103.016,23.77,31.77,16.81,59.19,0.02,NASA POWER Daily API,"https://power.larc.nasa.gov/api/temporal/daily/point?parameters=PRECTOTCORR,T2M,T2M_MAX,T2M_MIN,RH2M&community=AG&longitude=103.016&latitude=21.386&start=20250101&end=20251231&format=JSON",MISSING,NASA Open Data,2026-07-18T20:17:47.892511+00:00,True,modeled,"Điện Biên, Việt Nam"
2025-03-15,21.386,103.016,23.96,32.84,17.21,54.98,0.51,NASA POWER Daily API,"https://power.larc.nasa.gov/api/temporal/daily/point?parameters=PRECTOTCORR,T2M,T2M_MAX,T2M_MIN,RH2M&community=AG&longitude=103.016&latitude=21.386&start=20250101&end=20251231&format=JSON",MISSING,NASA Open Data,2026-07-18T20:17:47.892511+00:00,True,modeled,"Điện Biên, Việt Nam"
2025-03-16,21.386,103.016,17.3,23.53,12.75,68.74,2.14,NASA POWER Daily API,"https://power.larc.nasa.gov/api/temporal/daily/point?parameters=PRECTOTCORR,T2M,T2M_MAX,T2M_MIN,RH2M&community=AG&longitude=103.016&latitude=21.386&start=20250101&end=20251231&format=JSON",MISSING,NASA Open Data,2026-07-18T20:17:47.892511+00:00,True,modeled,"Điện Biên, Việt Nam"
2025-03-17,21.386,103.016,16.53,25.34,10.45,68.47,0.25,NASA POWER Daily API,"https://power.larc.nasa.gov/api/temporal/daily/point?parameters=PRECTOTCORR,T2M,T2M_MAX,T2M_MIN,RH2M&community=AG&longitude=103.016&latitude=21.386&start=20250101&end=20251231&format=JSON",MISSING,NASA Open Data,2026-07-18T20:17:47.892511+00:00,True,modeled,"Điện Biên, Việt Nam"
2025-03-18,21.386,103.016,11.82,14.2,9.25,81.74,2.18,NASA POWER Daily API,"https://power.larc.nasa.gov/api/temporal/daily/point?parameters=PRECTOTCORR,T2M,T2M_MAX,T2M_MIN,RH2M&community=AG&longitude=103.016&latitude=21.386&start=20250101&end=20251231&format=JSON",MISSING,NASA Open Data,2026-07-18T20:17:47.892511+00:00,True,modeled,"Điện Biên, Việt Nam"
2025-03-19,21.386,103.016,11.8,16.15,8.58,77.77,0.9,NASA POWER Daily API,"https://power.larc.nasa.gov/api/temporal/daily/point?parameters=PRECTOTCORR,T2M,T2M_MAX,T2M_MIN,RH2M&community=AG&longitude=103.016&latitude=21.386&start=20250101&end=20251231&format=JSON",MISSING,NASA Open Data,2026-07-18T20:17:47.892511+00:00,True,modeled,"Điện Biên, Việt Nam"
2025-03-20,21.386,103.016,14.68,23.3,7.72,70.15,0.0,NASA POWER Daily API,"https://power.larc.nasa.gov/api/temporal/daily/point?parameters=PRECTOTCORR,T2M,T2M_MAX,T2M_MIN,RH2M&community=AG&longitude=103.016&latitude=21.386&start=20250101&end=20251231&format=JSON",MISSING,NASA Open Data,2026-07-18T20:17:47.892511+00:00,True,modeled,"Điện Biên, Việt Nam"
2025-03-21,21.386,103.016,17.51,26.88,9.56,64.39,0.0,NASA POWER Daily API,"https://power.larc.nasa.gov/api/temporal/daily/point?parameters=PRECTOTCORR,T2M,T2M_MAX,T2M_MIN,RH2M&community=AG&longitude=103.016&latitude=21.386&start=20250101&end=20251231&format=JSON",MISSING,NASA Open Data,2026-07-18T20:17:47.892511+00:00,True,modeled,"Điện Biên, Việt Nam"
2025-03-22,21.386,103.016,19.29,27.93,11.82,65.85,0.46,NASA POWER Daily API,"https://power.larc.nasa.gov/api/temporal/daily/point?parameters=PRECTOTCORR,T2M,T2M_MAX,T2M_MIN,RH2M&community=AG&longitude=103.016&latitude=21.386&start=20250101&end=20251231&format=JSON",MISSING,NASA Open Data,2026-07-18T20:17:47.892511+00:00,True,modeled,"Điện Biên, Việt Nam"
2025-03-23,21.386,103.016,21.44,30.76,13.03,66.66,0.34,NASA POWER Daily API,"https://power.larc.nasa.gov/api/temporal/daily/point?parameters=PRECTOTCORR,T2M,T2M_MAX,T2M_MIN,RH2M&community=AG&longitude=103.016&latitude=21.386&start=20250101&end=20251231&format=JSON",MISSING,NASA Open Data,2026-07-18T20:17:47.892511+00:00,True,modeled,"Điện Biên, Việt Nam"
2025-03-24,21.386,103.016,22.42,30.29,16.14,72.07,1.73,NASA POWER Daily API,"https://power.larc.nasa.gov/api/temporal/daily/point?parameters=PRECTOTCORR,T2M,T2M_MAX,T2M_MIN,RH2M&community=AG&longitude=103.016&latitude=21.386&start=20250101&end=20251231&format=JSON",MISSING,NASA Open Data,2026-07-18T20:17:47.892511+00:00,True,modeled,"Điện Biên, Việt Nam"
2025-03-25,21.386,103.016,24.07,30.82,17.39,66.01,4.0,NASA POWER Daily API,"https://power.larc.nasa.gov/api/temporal/daily/point?parameters=PRECTOTCORR,T2M,T2M_MAX,T2M_MIN,RH2M&community=AG&longitude=103.016&latitude=21.386&start=20250101&end=20251231&format=JSON",MISSING,NASA Open Data,2026-07-18T20:17:47.892511+00:00,True,modeled,"Điện Biên, Việt Nam"
2025-03-26,21.386,103.016,23.44,31.59,17.73,64.99,1.8,NASA POWER Daily API,"https://power.larc.nasa.gov/api/temporal/daily/point?parameters=PRECTOTCORR,T2M,T2M_MAX,T2M_MIN,RH2M&community=AG&longitude=103.016&latitude=21.386&start=20250101&end=20251231&format=JSON",MISSING,NASA Open Data,2026-07-18T20:17:47.892511+00:00,True,modeled,"Điện Biên, Việt Nam"
2025-03-27,21.386,103.016,23.76,33.09,15.99,52.79,0.02,NASA POWER Daily API,"https://power.larc.nasa.gov/api/temporal/daily/point?parameters=PRECTOTCORR,T2M,T2M_MAX,T2M_MIN,RH2M&community=AG&longitude=103.016&latitude=21.386&start=20250101&end=20251231&format=JSON",MISSING,NASA Open Data,2026-07-18T20:17:47.892511+00:00,True,modeled,"Điện Biên, Việt Nam"
2025-03-28,21.386,103.016,24.41,33.71,16.97,50.7,0.02,NASA POWER Daily API,"https://power.larc.nasa.gov/api/temporal/daily/point?parameters=PRECTOTCORR,T2M,T2M_MAX,T2M_MIN,RH2M&community=AG&longitude=103.016&latitude=21.386&start=20250101&end=20251231&format=JSON",MISSING,NASA Open Data,2026-07-18T20:17:47.892511+00:00,True,modeled,"Điện Biên, Việt Nam"
2025-03-29,21.386,103.016,21.02,27.89,14.9,71.09,0.31,NASA POWER Daily API,"https://power.larc.nasa.gov/api/temporal/daily/point?parameters=PRECTOTCORR,T2M,T2M_MAX,T2M_MIN,RH2M&community=AG&longitude=103.016&latitude=21.386&start=20250101&end=20251231&format=JSON",MISSING,NASA Open Data,2026-07-18T20:17:47.892511+00:00,True,modeled,"Điện Biên, Việt Nam"
2025-03-30,21.386,103.016,16.11,22.96,12.09,71.44,0.09,NASA POWER Daily API,"https://power.larc.nasa.gov/api/temporal/daily/point?parameters=PRECTOTCORR,T2M,T2M_MAX,T2M_MIN,RH2M&community=AG&longitude=103.016&latitude=21.386&start=20250101&end=20251231&format=JSON",MISSING,NASA Open Data,2026-07-18T20:17:47.892511+00:00,True,modeled,"Điện Biên, Việt Nam"
2025-03-31,21.386,103.016,16.4,25.52,10.1,69.49,0.27,NASA POWER Daily API,"https://power.larc.nasa.gov/api/temporal/daily/point?parameters=PRECTOTCORR,T2M,T2M_MAX,T2M_MIN,RH2M&community=AG&longitude=103.016&latitude=21.386&start=20250101&end=20251231&format=JSON",MISSING,NASA Open Data,2026-07-18T20:17:47.892511+00:00,True,modeled,"Điện Biên, Việt Nam"
2025-04-01,21.386,103.016,16.06,23.38,11.38,72.58,0.28,NASA POWER Daily API,"https://power.larc.nasa.gov/api/temporal/daily/point?parameters=PRECTOTCORR,T2M,T2M_MAX,T2M_MIN,RH2M&community=AG&longitude=103.016&latitude=21.386&start=20250101&end=20251231&format=JSON",MISSING,NASA Open Data,2026-07-18T20:17:47.892511+00:00,True,modeled,"Điện Biên, Việt Nam"
2025-04-02,21.386,103.016,17.66,25.15,12.34,73.73,0.34,NASA POWER Daily API,"https://power.larc.nasa.gov/api/temporal/daily/point?parameters=PRECTOTCORR,T2M,T2M_MAX,T2M_MIN,RH2M&community=AG&longitude=103.016&latitude=21.386&start=20250101&end=20251231&format=JSON",MISSING,NASA Open Data,2026-07-18T20:17:47.892511+00:00,True,modeled,"Điện Biên, Việt Nam"
2025-04-03,21.386,103.016,20.44,30.03,12.89,67.6,0.0,NASA POWER Daily API,"https://power.larc.nasa.gov/api/temporal/daily/point?parameters=PRECTOTCORR,T2M,T2M_MAX,T2M_MIN,RH2M&community=AG&longitude=103.016&latitude=21.386&start=20250101&end=20251231&format=JSON",MISSING,NASA Open Data,2026-07-18T20:17:47.892511+00:00,True,modeled,"Điện Biên, Việt Nam"
2025-04-04,21.386,103.016,24.57,33.39,15.71,63.92,0.16,NASA POWER Daily API,"https://power.larc.nasa.gov/api/temporal/daily/point?parameters=PRECTOTCORR,T2M,T2M_MAX,T2M_MIN,RH2M&community=AG&longitude=103.016&latitude=21.386&start=20250101&end=20251231&format=JSON",MISSING,NASA Open Data,2026-07-18T20:17:47.892511+00:00,True,modeled,"Điện Biên, Việt Nam"
2025-04-05,21.386,103.016,24.12,30.67,19.12,74.1,4.97,NASA POWER Daily API,"https://power.larc.nasa.gov/api/temporal/daily/point?parameters=PRECTOTCORR,T2M,T2M_MAX,T2M_MIN,RH2M&community=AG&longitude=103.016&latitude=21.386&start=20250101&end=20251231&format=JSON",MISSING,NASA Open Data,2026-07-18T20:17:47.892511+00:00,True,modeled,"Điện Biên, Việt Nam"
2025-04-06,21.386,103.016,20.68,25.91,17.68,86.78,9.8,NASA POWER Daily API,"https://power.larc.nasa.gov/api/temporal/daily/point?parameters=PRECTOTCORR,T2M,T2M_MAX,T2M_MIN,RH2M&community=AG&longitude=103.016&latitude=21.386&start=20250101&end=20251231&format=JSON",MISSING,NASA Open Data,2026-07-18T20:17:47.892511+00:00,True,modeled,"Điện Biên, Việt Nam"
2025-04-07,21.386,103.016,22.11,28.7,17.14,78.82,0.21,NASA POWER Daily API,"https://power.larc.nasa.gov/api/temporal/daily/point?parameters=PRECTOTCORR,T2M,T2M_MAX,T2M_MIN,RH2M&community=AG&longitude=103.016&latitude=21.386&start=20250101&end=20251231&format=JSON",MISSING,NASA Open Data,2026-07-18T20:17:47.892511+00:00,True,modeled,"Điện Biên, Việt Nam"
2025-04-08,21.386,103.016,24.16,32.28,18.03,68.42,0.0,NASA POWER Daily API,"https://power.larc.nasa.gov/api/temporal/daily/point?parameters=PRECTOTCORR,T2M,T2M_MAX,T2M_MIN,RH2M&community=AG&longitude=103.016&latitude=21.386&start=20250101&end=20251231&format=JSON",MISSING,NASA Open Data,2026-07-18T20:17:47.892511+00:00,True,modeled,"Điện Biên, Việt Nam"
2025-04-09,21.386,103.016,25.8,33.16,19.48,57.01,0.0,NASA POWER Daily API,"https://power.larc.nasa.gov/api/temporal/daily/point?parameters=PRECTOTCORR,T2M,T2M_MAX,T2M_MIN,RH2M&community=AG&longitude=103.016&latitude=21.386&start=20250101&end=20251231&format=JSON",MISSING,NASA Open Data,2026-07-18T20:17:47.892511+00:00,True,modeled,"Điện Biên, Việt Nam"
2025-04-10,21.386,103.016,25.79,33.64,18.84,55.67,0.0,NASA POWER Daily API,"https://power.larc.nasa.gov/api/temporal/daily/point?parameters=PRECTOTCORR,T2M,T2M_MAX,T2M_MIN,RH2M&community=AG&longitude=103.016&latitude=21.386&start=20250101&end=20251231&format=JSON",MISSING,NASA Open Data,2026-07-18T20:17:47.892511+00:00,True,modeled,"Điện Biên, Việt Nam"
2025-04-11,21.386,103.016,26.04,33.01,19.76,57.21,0.69,NASA POWER Daily API,"https://power.larc.nasa.gov/api/temporal/daily/point?parameters=PRECTOTCORR,T2M,T2M_MAX,T2M_MIN,RH2M&community=AG&longitude=103.016&latitude=21.386&start=20250101&end=20251231&format=JSON",MISSING,NASA Open Data,2026-07-18T20:17:47.892511+00:00,True,modeled,"Điện Biên, Việt Nam"
2025-04-12,21.386,103.016,22.37,30.98,15.51,74.24,24.53,NASA POWER Daily API,"https://power.larc.nasa.gov/api/temporal/daily/point?parameters=PRECTOTCORR,T2M,T2M_MAX,T2M_MIN,RH2M&community=AG&longitude=103.016&latitude=21.386&start=20250101&end=20251231&format=JSON",MISSING,NASA Open Data,2026-07-18T20:17:47.892511+00:00,True,modeled,"Điện Biên, Việt Nam"
2025-04-13,21.386,103.016,16.93,21.59,13.64,76.35,8.02,NASA POWER Daily API,"https://power.larc.nasa.gov/api/temporal/daily/point?parameters=PRECTOTCORR,T2M,T2M_MAX,T2M_MIN,RH2M&community=AG&longitude=103.016&latitude=21.386&start=20250101&end=20251231&format=JSON",MISSING,NASA Open Data,2026-07-18T20:17:47.892511+00:00,True,modeled,"Điện Biên, Việt Nam"
2025-04-14,21.386,103.016,20.34,27.81,14.18,74.82,0.52,NASA POWER Daily API,"https://power.larc.nasa.gov/api/temporal/daily/point?parameters=PRECTOTCORR,T2M,T2M_MAX,T2M_MIN,RH2M&community=AG&longitude=103.016&latitude=21.386&start=20250101&end=20251231&format=JSON",MISSING,NASA Open Data,2026-07-18T20:17:47.892511+00:00,True,modeled,"Điện Biên, Việt Nam"
2025-04-15,21.386,103.016,23.08,31.18,16.38,61.31,0.0,NASA POWER Daily API,"https://power.larc.nasa.gov/api/temporal/daily/point?parameters=PRECTOTCORR,T2M,T2M_MAX,T2M_MIN,RH2M&community=AG&longitude=103.016&latitude=21.386&start=20250101&end=20251231&format=JSON",MISSING,NASA Open Data,2026-07-18T20:17:47.892511+00:00,True,modeled,"Điện Biên, Việt Nam"
2025-04-16,21.386,103.016,23.88,30.35,18.4,68.71,0.35,NASA POWER Daily API,"https://power.larc.nasa.gov/api/temporal/daily/point?parameters=PRECTOTCORR,T2M,T2M_MAX,T2M_MIN,RH2M&community=AG&longitude=103.016&latitude=21.386&start=20250101&end=20251231&format=JSON",MISSING,NASA Open Data,2026-07-18T20:17:47.892511+00:00,True,modeled,"Điện Biên, Việt Nam"
2025-04-17,21.386,103.016,24.63,31.76,19.27,73.58,1.51,NASA POWER Daily API,"https://power.larc.nasa.gov/api/temporal/daily/point?parameters=PRECTOTCORR,T2M,T2M_MAX,T2M_MIN,RH2M&community=AG&longitude=103.016&latitude=21.386&start=20250101&end=20251231&format=JSON",MISSING,NASA Open Data,2026-07-18T20:17:47.892511+00:00,True,modeled,"Điện Biên, Việt Nam"
2025-04-18,21.386,103.016,25.43,32.97,19.01,70.92,1.99,NASA POWER Daily API,"https://power.larc.nasa.gov/api/temporal/daily/point?parameters=PRECTOTCORR,T2M,T2M_MAX,T2M_MIN,RH2M&community=AG&longitude=103.016&latitude=21.386&start=20250101&end=20251231&format=JSON",MISSING,NASA Open Data,2026-07-18T20:17:47.892511+00:00,True,modeled,"Điện Biên, Việt Nam"
2025-04-19,21.386,103.016,25.67,32.58,19.13,68.19,1.07,NASA POWER Daily API,"https://power.larc.nasa.gov/api/temporal/daily/point?parameters=PRECTOTCORR,T2M,T2M_MAX,T2M_MIN,RH2M&community=AG&longitude=103.016&latitude=21.386&start=20250101&end=20251231&format=JSON",MISSING,NASA Open Data,2026-07-18T20:17:47.892511+00:00,True,modeled,"Điện Biên, Việt Nam"
2025-04-20,21.386,103.016,25.57,33.02,18.95,70.25,2.97,NASA POWER Daily API,"https://power.larc.nasa.gov/api/temporal/daily/point?parameters=PRECTOTCORR,T2M,T2M_MAX,T2M_MIN,RH2M&community=AG&longitude=103.016&latitude=21.386&start=20250101&end=20251231&format=JSON",MISSING,NASA Open Data,2026-07-18T20:17:47.892511+00:00,True,modeled,"Điện Biên, Việt Nam"
2025-04-21,21.386,103.016,25.79,33.06,19.52,71.11,3.79,NASA POWER Daily API,"https://power.larc.nasa.gov/api/temporal/daily/point?parameters=PRECTOTCORR,T2M,T2M_MAX,T2M_MIN,RH2M&community=AG&longitude=103.016&latitude=21.386&start=20250101&end=20251231&format=JSON",MISSING,NASA Open Data,2026-07-18T20:17:47.892511+00:00,True,modeled,"Điện Biên, Việt Nam"
2025-04-22,21.386,103.016,25.99,33.15,19.67,70.6,3.49,NASA POWER Daily API,"https://power.larc.nasa.gov/api/temporal/daily/point?parameters=PRECTOTCORR,T2M,T2M_MAX,T2M_MIN,RH2M&community=AG&longitude=103.016&latitude=21.386&start=20250101&end=20251231&format=JSON",MISSING,NASA Open Data,2026-07-18T20:17:47.892511+00:00,True,modeled,"Điện Biên, Việt Nam"
2025-04-23,21.386,103.016,27.06,34.48,20.86,66.67,3.89,NASA POWER Daily API,"https://power.larc.nasa.gov/api/temporal/daily/point?parameters=PRECTOTCORR,T2M,T2M_MAX,T2M_MIN,RH2M&community=AG&longitude=103.016&latitude=21.386&start=20250101&end=20251231&format=JSON",MISSING,NASA Open Data,2026-07-18T20:17:47.892511+00:00,True,modeled,"Điện Biên, Việt Nam"
2025-04-24,21.386,103.016,27.39,34.16,20.53,65.69,0.77,NASA POWER Daily API,"https://power.larc.nasa.gov/api/temporal/daily/point?parameters=PRECTOTCORR,T2M,T2M_MAX,T2M_MIN,RH2M&community=AG&longitude=103.016&latitude=21.386&start=20250101&end=20251231&format=JSON",MISSING,NASA Open Data,2026-07-18T20:17:47.892511+00:00,True,modeled,"Điện Biên, Việt Nam"
2025-04-25,21.386,103.016,27.96,35.38,22.03,61.89,0.79,NASA POWER Daily API,"https://power.larc.nasa.gov/api/temporal/daily/point?parameters=PRECTOTCORR,T2M,T2M_MAX,T2M_MIN,RH2M&community=AG&longitude=103.016&latitude=21.386&start=20250101&end=20251231&format=JSON",MISSING,NASA Open Data,2026-07-18T20:17:47.892511+00:00,True,modeled,"Điện Biên, Việt Nam"
2025-04-26,21.386,103.016,27.16,34.4,21.07,64.76,0.36,NASA POWER Daily API,"https://power.larc.nasa.gov/api/temporal/daily/point?parameters=PRECTOTCORR,T2M,T2M_MAX,T2M_MIN,RH2M&community=AG&longitude=103.016&latitude=21.386&start=20250101&end=20251231&format=JSON",MISSING,NASA Open Data,2026-07-18T20:17:47.892511+00:00,True,modeled,"Điện Biên, Việt Nam"
2025-04-27,21.386,103.016,27.97,34.58,21.86,62.36,1.68,NASA POWER Daily API,"https://power.larc.nasa.gov/api/temporal/daily/point?parameters=PRECTOTCORR,T2M,T2M_MAX,T2M_MIN,RH2M&community=AG&longitude=103.016&latitude=21.386&start=20250101&end=20251231&format=JSON",MISSING,NASA Open Data,2026-07-18T20:17:47.892511+00:00,True,modeled,"Điện Biên, Việt Nam"
2025-04-28,21.386,103.016,23.76,28.01,19.4,78.97,8.78,NASA POWER Daily API,"https://power.larc.nasa.gov/api/temporal/daily/point?parameters=PRECTOTCORR,T2M,T2M_MAX,T2M_MIN,RH2M&community=AG&longitude=103.016&latitude=21.386&start=20250101&end=20251231&format=JSON",MISSING,NASA Open Data,2026-07-18T20:17:47.892511+00:00,True,modeled,"Điện Biên, Việt Nam"
2025-04-29,21.386,103.016,22.82,28.74,18.3,79.42,9.24,NASA POWER Daily API,"https://power.larc.nasa.gov/api/temporal/daily/point?parameters=PRECTOTCORR,T2M,T2M_MAX,T2M_MIN,RH2M&community=AG&longitude=103.016&latitude=21.386&start=20250101&end=20251231&format=JSON",MISSING,NASA Open Data,2026-07-18T20:17:47.892511+00:00,True,modeled,"Điện Biên, Việt Nam"
2025-04-30,21.386,103.016,22.97,29.35,19.13,79.14,8.9,NASA POWER Daily API,"https://power.larc.nasa.gov/api/temporal/daily/point?parameters=PRECTOTCORR,T2M,T2M_MAX,T2M_MIN,RH2M&community=AG&longitude=103.016&latitude=21.386&start=20250101&end=20251231&format=JSON",MISSING,NASA Open Data,2026-07-18T20:17:47.892511+00:00,True,modeled,"Điện Biên, Việt Nam"
2025-05-01,21.386,103.016,21.91,26.03,18.82,81.0,6.85,NASA POWER Daily API,"https://power.larc.nasa.gov/api/temporal/daily/point?parameters=PRECTOTCORR,T2M,T2M_MAX,T2M_MIN,RH2M&community=AG&longitude=103.016&latitude=21.386&start=20250101&end=20251231&format=JSON",MISSING,NASA Open Data,2026-07-18T20:17:47.892511+00:00,True,modeled,"Điện Biên, Việt Nam"
2025-05-02,21.386,103.016,24.53,31.14,17.8,68.78,0.28,NASA POWER Daily API,"https://power.larc.nasa.gov/api/temporal/daily/point?parameters=PRECTOTCORR,T2M,T2M_MAX,T2M_MIN,RH2M&community=AG&longitude=103.016&latitude=21.386&start=20250101&end=20251231&format=JSON",MISSING,NASA Open Data,2026-07-18T20:17:47.892511+00:00,True,modeled,"Điện Biên, Việt Nam"
2025-05-03,21.386,103.016,25.57,32.08,19.45,69.05,1.98,NASA POWER Daily API,"https://power.larc.nasa.gov/api/temporal/daily/point?parameters=PRECTOTCORR,T2M,T2M_MAX,T2M_MIN,RH2M&community=AG&longitude=103.016&latitude=21.386&start=20250101&end=20251231&format=JSON",MISSING,NASA Open Data,2026-07-18T20:17:47.892511+00:00,True,modeled,"Điện Biên, Việt Nam"
2025-05-04,21.386,103.016,25.24,31.52,19.36,72.55,5.72,NASA POWER Daily API,"https://power.larc.nasa.gov/api/temporal/daily/point?parameters=PRECTOTCORR,T2M,T2M_MAX,T2M_MIN,RH2M&community=AG&longitude=103.016&latitude=21.386&start=20250101&end=20251231&format=JSON",MISSING,NASA Open Data,2026-07-18T20:17:47.892511+00:00,True,modeled,"Điện Biên, Việt Nam"
2025-05-05,21.386,103.016,26.15,33.08,18.88,65.73,0.51,NASA POWER Daily API,"https://power.larc.nasa.gov/api/temporal/daily/point?parameters=PRECTOTCORR,T2M,T2M_MAX,T2M_MIN,RH2M&community=AG&longitude=103.016&latitude=21.386&start=20250101&end=20251231&format=JSON",MISSING,NASA Open Data,2026-07-18T20:17:47.892511+00:00,True,modeled,"Điện Biên, Việt Nam"
2025-05-06,21.386,103.016,27.78,34.24,20.81,60.43,0.06,NASA POWER Daily API,"https://power.larc.nasa.gov/api/temporal/daily/point?parameters=PRECTOTCORR,T2M,T2M_MAX,T2M_MIN,RH2M&community=AG&longitude=103.016&latitude=21.386&start=20250101&end=20251231&format=JSON",MISSING,NASA Open Data,2026-07-18T20:17:47.892511+00:00,True,modeled,"Điện Biên, Việt Nam"
2025-05-07,21.386,103.016,28.06,34.45,22.22,62.27,0.79,NASA POWER Daily API,"https://power.larc.nasa.gov/api/temporal/daily/point?parameters=PRECTOTCORR,T2M,T2M_MAX,T2M_MIN,RH2M&community=AG&longitude=103.016&latitude=21.386&start=20250101&end=20251231&format=JSON",MISSING,NASA Open Data,2026-07-18T20:17:47.892511+00:00,True,modeled,"Điện Biên, Việt Nam"
2025-05-08,21.386,103.016,27.77,35.08,21.24,61.82,0.11,NASA POWER Daily API,"https://power.larc.nasa.gov/api/temporal/daily/point?parameters=PRECTOTCORR,T2M,T2M_MAX,T2M_MIN,RH2M&community=AG&longitude=103.016&latitude=21.386&start=20250101&end=20251231&format=JSON",MISSING,NASA Open Data,2026-07-18T20:17:47.892511+00:00,True,modeled,"Điện Biên, Việt Nam"
2025-05-09,21.386,103.016,27.71,35.23,21.02,64.91,0.53,NASA POWER Daily API,"https://power.larc.nasa.gov/api/temporal/daily/point?parameters=PRECTOTCORR,T2M,T2M_MAX,T2M_MIN,RH2M&community=AG&longitude=103.016&latitude=21.386&start=20250101&end=20251231&format=JSON",MISSING,NASA Open Data,2026-07-18T20:17:47.892511+00:00,True,modeled,"Điện Biên, Việt Nam"
2025-05-10,21.386,103.016,25.71,32.33,19.06,77.62,19.25,NASA POWER Daily API,"https://power.larc.nasa.gov/api/temporal/daily/point?parameters=PRECTOTCORR,T2M,T2M_MAX,T2M_MIN,RH2M&community=AG&longitude=103.016&latitude=21.386&start=20250101&end=20251231&format=JSON",MISSING,NASA Open Data,2026-07-18T20:17:47.892511+00:00,True,modeled,"Điện Biên, Việt Nam"
2025-05-11,21.386,103.016,20.46,26.46,16.84,77.78,18.63,NASA POWER Daily API,"https://power.larc.nasa.gov/api/temporal/daily/point?parameters=PRECTOTCORR,T2M,T2M_MAX,T2M_MIN,RH2M&community=AG&longitude=103.016&latitude=21.386&start=20250101&end=20251231&format=JSON",MISSING,NASA Open Data,2026-07-18T20:17:47.892511+00:00,True,modeled,"Điện Biên, Việt Nam"
2025-05-12,21.386,103.016,22.05,30.06,14.88,68.86,0.02,NASA POWER Daily API,"https://power.larc.nasa.gov/api/temporal/daily/point?parameters=PRECTOTCORR,T2M,T2M_MAX,T2M_MIN,RH2M&community=AG&longitude=103.016&latitude=21.386&start=20250101&end=20251231&format=JSON",MISSING,NASA Open Data,2026-07-18T20:17:47.892511+00:00,True,modeled,"Điện Biên, Việt Nam"
2025-05-13,21.386,103.016,24.7,32.34,16.87,70.51,0.11,NASA POWER Daily API,"https://power.larc.nasa.gov/api/temporal/daily/point?parameters=PRECTOTCORR,T2M,T2M_MAX,T2M_MIN,RH2M&community=AG&longitude=103.016&latitude=21.386&start=20250101&end=20251231&format=JSON",MISSING,NASA Open Data,2026-07-18T20:17:47.892511+00:00,True,modeled,"Điện Biên, Việt Nam"
2025-05-14,21.386,103.016,26.27,33.23,20.58,72.91,5.03,NASA POWER Daily API,"https://power.larc.nasa.gov/api/temporal/daily/point?parameters=PRECTOTCORR,T2M,T2M_MAX,T2M_MIN,RH2M&community=AG&longitude=103.016&latitude=21.386&start=20250101&end=20251231&format=JSON",MISSING,NASA Open Data,2026-07-18T20:17:47.892511+00:00,True,modeled,"Điện Biên, Việt Nam"
2025-05-15,21.386,103.016,23.83,28.13,20.57,85.34,25.35,NASA POWER Daily API,"https://power.larc.nasa.gov/api/temporal/daily/point?parameters=PRECTOTCORR,T2M,T2M_MAX,T2M_MIN,RH2M&community=AG&longitude=103.016&latitude=21.386&start=20250101&end=20251231&format=JSON",MISSING,NASA Open Data,2026-07-18T20:17:47.892511+00:00,True,modeled,"Điện Biên, Việt Nam"
2025-05-16,21.386,103.016,24.53,29.48,19.9,80.53,6.1,NASA POWER Daily API,"https://power.larc.nasa.gov/api/temporal/daily/point?parameters=PRECTOTCORR,T2M,T2M_MAX,T2M_MIN,RH2M&community=AG&longitude=103.016&latitude=21.386&start=20250101&end=20251231&format=JSON",MISSING,NASA Open Data,2026-07-18T20:17:47.892511+00:00,True,modeled,"Điện Biên, Việt Nam"
2025-05-17,21.386,103.016,24.86,30.61,19.92,80.35,8.93,NASA POWER Daily API,"https://power.larc.nasa.gov/api/temporal/daily/point?parameters=PRECTOTCORR,T2M,T2M_MAX,T2M_MIN,RH2M&community=AG&longitude=103.016&latitude=21.386&start=20250101&end=20251231&format=JSON",MISSING,NASA Open Data,2026-07-18T20:17:47.892511+00:00,True,modeled,"Điện Biên, Việt Nam"
2025-05-18,21.386,103.016,24.36,28.21,20.79,83.39,6.23,NASA POWER Daily API,"https://power.larc.nasa.gov/api/temporal/daily/point?parameters=PRECTOTCORR,T2M,T2M_MAX,T2M_MIN,RH2M&community=AG&longitude=103.016&latitude=21.386&start=20250101&end=20251231&format=JSON",MISSING,NASA Open Data,2026-07-18T20:17:47.892511+00:00,True,modeled,"Điện Biên, Việt Nam"
2025-05-19,21.386,103.016,24.69,29.58,20.71,81.52,5.96,NASA POWER Daily API,"https://power.larc.nasa.gov/api/temporal/daily/point?parameters=PRECTOTCORR,T2M,T2M_MAX,T2M_MIN,RH2M&community=AG&longitude=103.016&latitude=21.386&start=20250101&end=20251231&format=JSON",MISSING,NASA Open Data,2026-07-18T20:17:47.892511+00:00,True,modeled,"Điện Biên, Việt Nam"
2025-05-20,21.386,103.016,25.8,32.16,20.3,77.19,2.98,NASA POWER Daily API,"https://power.larc.nasa.gov/api/temporal/daily/point?parameters=PRECTOTCORR,T2M,T2M_MAX,T2M_MIN,RH2M&community=AG&longitude=103.016&latitude=21.386&start=20250101&end=20251231&format=JSON",MISSING,NASA Open Data,2026-07-18T20:17:47.892511+00:00,True,modeled,"Điện Biên, Việt Nam"
2025-05-21,21.386,103.016,26.62,32.77,20.6,75.31,4.45,NASA POWER Daily API,"https://power.larc.nasa.gov/api/temporal/daily/point?parameters=PRECTOTCORR,T2M,T2M_MAX,T2M_MIN,RH2M&community=AG&longitude=103.016&latitude=21.386&start=20250101&end=20251231&format=JSON",MISSING,NASA Open Data,2026-07-18T20:17:47.892511+00:00,True,modeled,"Điện Biên, Việt Nam"
2025-05-22,21.386,103.016,27.09,33.27,21.25,73.44,4.43,NASA POWER Daily API,"https://power.larc.nasa.gov/api/temporal/daily/point?parameters=PRECTOTCORR,T2M,T2M_MAX,T2M_MIN,RH2M&community=AG&longitude=103.016&latitude=21.386&start=20250101&end=20251231&format=JSON",MISSING,NASA Open Data,2026-07-18T20:17:47.892511+00:00,True,modeled,"Điện Biên, Việt Nam"
2025-05-23,21.386,103.016,23.97,28.36,20.31,87.58,23.41,NASA POWER Daily API,"https://power.larc.nasa.gov/api/temporal/daily/point?parameters=PRECTOTCORR,T2M,T2M_MAX,T2M_MIN,RH2M&community=AG&longitude=103.016&latitude=21.386&start=20250101&end=20251231&format=JSON",MISSING,NASA Open Data,2026-07-18T20:17:47.892511+00:00,True,modeled,"Điện Biên, Việt Nam"
2025-05-24,21.386,103.016,20.99,24.12,17.87,85.25,9.2,NASA POWER Daily API,"https://power.larc.nasa.gov/api/temporal/daily/point?parameters=PRECTOTCORR,T2M,T2M_MAX,T2M_MIN,RH2M&community=AG&longitude=103.016&latitude=21.386&start=20250101&end=20251231&format=JSON",MISSING,NASA Open Data,2026-07-18T20:17:47.892511+00:00,True,modeled,"Điện Biên, Việt Nam"
2025-05-25,21.386,103.016,19.85,24.28,16.69,85.95,4.65,NASA POWER Daily API,"https://power.larc.nasa.gov/api/temporal/daily/point?parameters=PRECTOTCORR,T2M,T2M_MAX,T2M_MIN,RH2M&community=AG&longitude=103.016&latitude=21.386&start=20250101&end=20251231&format=JSON",MISSING,NASA Open Data,2026-07-18T20:17:47.892511+00:00,True,modeled,"Điện Biên, Việt Nam"
2025-05-26,21.386,103.016,20.47,24.88,17.06,82.42,1.07,NASA POWER Daily API,"https://power.larc.nasa.gov/api/temporal/daily/point?parameters=PRECTOTCORR,T2M,T2M_MAX,T2M_MIN,RH2M&community=AG&longitude=103.016&latitude=21.386&start=20250101&end=20251231&format=JSON",MISSING,NASA Open Data,2026-07-18T20:17:47.892511+00:00,True,modeled,"Điện Biên, Việt Nam"
2025-05-27,21.386,103.016,22.88,29.49,17.25,81.0,1.68,NASA POWER Daily API,"https://power.larc.nasa.gov/api/temporal/daily/point?parameters=PRECTOTCORR,T2M,T2M_MAX,T2M_MIN,RH2M&community=AG&longitude=103.016&latitude=21.386&start=20250101&end=20251231&format=JSON",MISSING,NASA Open Data,2026-07-18T20:17:47.892511+00:00,True,modeled,"Điện Biên, Việt Nam"
2025-05-28,21.386,103.016,24.6,30.24,20.06,81.39,9.94,NASA POWER Daily API,"https://power.larc.nasa.gov/api/temporal/daily/point?parameters=PRECTOTCORR,T2M,T2M_MAX,T2M_MIN,RH2M&community=AG&longitude=103.016&latitude=21.386&start=20250101&end=20251231&format=JSON",MISSING,NASA Open Data,2026-07-18T20:17:47.892511+00:00,True,modeled,"Điện Biên, Việt Nam"
2025-05-29,21.386,103.016,25.95,32.8,21.28,77.77,7.22,NASA POWER Daily API,"https://power.larc.nasa.gov/api/temporal/daily/point?parameters=PRECTOTCORR,T2M,T2M_MAX,T2M_MIN,RH2M&community=AG&longitude=103.016&latitude=21.386&start=20250101&end=20251231&format=JSON",MISSING,NASA Open Data,2026-07-18T20:17:47.892511+00:00,True,modeled,"Điện Biên, Việt Nam"
2025-05-30,21.386,103.016,26.64,32.71,21.07,76.53,3.24,NASA POWER Daily API,"https://power.larc.nasa.gov/api/temporal/daily/point?parameters=PRECTOTCORR,T2M,T2M_MAX,T2M_MIN,RH2M&community=AG&longitude=103.016&latitude=21.386&start=20250101&end=20251231&format=JSON",MISSING,NASA Open Data,2026-07-18T20:17:47.892511+00:00,True,modeled,"Điện Biên, Việt Nam"
2025-05-31,21.386,103.016,26.73,32.98,21.81,74.36,2.48,NASA POWER Daily API,"https://power.larc.nasa.gov/api/temporal/daily/point?parameters=PRECTOTCORR,T2M,T2M_MAX,T2M_MIN,RH2M&community=AG&longitude=103.016&latitude=21.386&start=20250101&end=20251231&format=JSON",MISSING,NASA Open Data,2026-07-18T20:17:47.892511+00:00,True,modeled,"Điện Biên, Việt Nam"
2025-06-01,21.386,103.016,26.88,33.45,21.92,72.62,1.9,NASA POWER Daily API,"https://power.larc.nasa.gov/api/temporal/daily/point?parameters=PRECTOTCORR,T2M,T2M_MAX,T2M_MIN,RH2M&community=AG&longitude=103.016&latitude=21.386&start=20250101&end=20251231&format=JSON",MISSING,NASA Open Data,2026-07-18T20:17:47.892511+00:00,True,modeled,"Điện Biên, Việt Nam"
2025-06-02,21.386,103.016,27.6,33.96,21.71,67.96,0.96,NASA POWER Daily API,"https://power.larc.nasa.gov/api/temporal/daily/point?parameters=PRECTOTCORR,T2M,T2M_MAX,T2M_MIN,RH2M&community=AG&longitude=103.016&latitude=21.386&start=20250101&end=20251231&format=JSON",MISSING,NASA Open Data,2026-07-18T20:17:47.892511+00:00,True,modeled,"Điện Biên, Việt Nam"
2025-06-03,21.386,103.016,26.52,32.56,21.6,76.56,10.77,NASA POWER Daily API,"https://power.larc.nasa.gov/api/temporal/daily/point?parameters=PRECTOTCORR,T2M,T2M_MAX,T2M_MIN,RH2M&community=AG&longitude=103.016&latitude=21.386&start=20250101&end=20251231&format=JSON",MISSING,NASA Open Data,2026-07-18T20:17:47.892511+00:00,True,modeled,"Điện Biên, Việt Nam"
2025-06-04,21.386,103.016,24.65,29.0,22.12,87.58,24.43,NASA POWER Daily API,"https://power.larc.nasa.gov/api/temporal/daily/point?parameters=PRECTOTCORR,T2M,T2M_MAX,T2M_MIN,RH2M&community=AG&longitude=103.016&latitude=21.386&start=20250101&end=20251231&format=JSON",MISSING,NASA Open Data,2026-07-18T20:17:47.892511+00:00,True,modeled,"Điện Biên, Việt Nam"
2025-06-05,21.386,103.016,25.42,30.8,21.18,81.88,7.08,NASA POWER Daily API,"https://power.larc.nasa.gov/api/temporal/daily/point?parameters=PRECTOTCORR,T2M,T2M_MAX,T2M_MIN,RH2M&community=AG&longitude=103.016&latitude=21.386&start=20250101&end=20251231&format=JSON",MISSING,NASA Open Data,2026-07-18T20:17:47.892511+00:00,True,modeled,"Điện Biên, Việt Nam"
2025-06-06,21.386,103.016,26.3,31.7,21.15,77.57,5.35,NASA POWER Daily API,"https://power.larc.nasa.gov/api/temporal/daily/point?parameters=PRECTOTCORR,T2M,T2M_MAX,T2M_MIN,RH2M&community=AG&longitude=103.016&latitude=21.386&start=20250101&end=20251231&format=JSON",MISSING,NASA Open Data,2026-07-18T20:17:47.892511+00:00,True,modeled,"Điện Biên, Việt Nam"
2025-06-07,21.386,103.016,26.63,31.89,21.65,77.53,5.61,NASA POWER Daily API,"https://power.larc.nasa.gov/api/temporal/daily/point?parameters=PRECTOTCORR,T2M,T2M_MAX,T2M_MIN,RH2M&community=AG&longitude=103.016&latitude=21.386&start=20250101&end=20251231&format=JSON",MISSING,NASA Open Data,2026-07-18T20:17:47.892511+00:00,True,modeled,"Điện Biên, Việt Nam"
2025-06-08,21.386,103.016,25.71,29.04,22.65,84.97,11.81,NASA POWER Daily API,"https://power.larc.nasa.gov/api/temporal/daily/point?parameters=PRECTOTCORR,T2M,T2M_MAX,T2M_MIN,RH2M&community=AG&longitude=103.016&latitude=21.386&start=20250101&end=20251231&format=JSON",MISSING,NASA Open Data,2026-07-18T20:17:47.892511+00:00,True,modeled,"Điện Biên, Việt Nam"
2025-06-09,21.386,103.016,25.65,30.2,22.29,81.77,20.34,NASA POWER Daily API,"https://power.larc.nasa.gov/api/temporal/daily/point?parameters=PRECTOTCORR,T2M,T2M_MAX,T2M_MIN,RH2M&community=AG&longitude=103.016&latitude=21.386&start=20250101&end=20251231&format=JSON",MISSING,NASA Open Data,2026-07-18T20:17:47.892511+00:00,True,modeled,"Điện Biên, Việt Nam"
2025-06-10,21.386,103.016,24.69,29.12,21.37,85.15,8.51,NASA POWER Daily API,"https://power.larc.nasa.gov/api/temporal/daily/point?parameters=PRECTOTCORR,T2M,T2M_MAX,T2M_MIN,RH2M&community=AG&longitude=103.016&latitude=21.386&start=20250101&end=20251231&format=JSON",MISSING,NASA Open Data,2026-07-18T20:17:47.892511+00:00,True,modeled,"Điện Biên, Việt Nam"
2025-06-11,21.386,103.016,24.12,29.02,20.19,77.83,0.17,NASA POWER Daily API,"https://power.larc.nasa.gov/api/temporal/daily/point?parameters=PRECTOTCORR,T2M,T2M_MAX,T2M_MIN,RH2M&community=AG&longitude=103.016&latitude=21.386&start=20250101&end=20251231&format=JSON",MISSING,NASA Open Data,2026-07-18T20:17:47.892511+00:00,True,modeled,"Điện Biên, Việt Nam"
2025-06-12,21.386,103.016,24.86,29.67,21.18,77.45,0.27,NASA POWER Daily API,"https://power.larc.nasa.gov/api/temporal/daily/point?parameters=PRECTOTCORR,T2M,T2M_MAX,T2M_MIN,RH2M&community=AG&longitude=103.016&latitude=21.386&start=20250101&end=20251231&format=JSON",MISSING,NASA Open Data,2026-07-18T20:17:47.892511+00:00,True,modeled,"Điện Biên, Việt Nam"
2025-06-13,21.386,103.016,26.42,32.09,20.58,71.94,0.59,NASA POWER Daily API,"https://power.larc.nasa.gov/api/temporal/daily/point?parameters=PRECTOTCORR,T2M,T2M_MAX,T2M_MIN,RH2M&community=AG&longitude=103.016&latitude=21.386&start=20250101&end=20251231&format=JSON",MISSING,NASA Open Data,2026-07-18T20:17:47.892511+00:00,True,modeled,"Điện Biên, Việt Nam"
2025-06-14,21.386,103.016,27.36,33.03,21.59,72.41,3.29,NASA POWER Daily API,"https://power.larc.nasa.gov/api/temporal/daily/point?parameters=PRECTOTCORR,T2M,T2M_MAX,T2M_MIN,RH2M&community=AG&longitude=103.016&latitude=21.386&start=20250101&end=20251231&format=JSON",MISSING,NASA Open Data,2026-07-18T20:17:47.892511+00:00,True,modeled,"Điện Biên, Việt Nam"
2025-06-15,21.386,103.016,26.24,31.28,21.58,80.25,7.25,NASA POWER Daily API,"https://power.larc.nasa.gov/api/temporal/daily/point?parameters=PRECTOTCORR,T2M,T2M_MAX,T2M_MIN,RH2M&community=AG&longitude=103.016&latitude=21.386&start=20250101&end=20251231&format=JSON",MISSING,NASA Open Data,2026-07-18T20:17:47.892511+00:00,True,modeled,"Điện Biên, Việt Nam"
2025-06-16,21.386,103.016,24.25,28.09,22.12,89.91,17.02,NASA POWER Daily API,"https://power.larc.nasa.gov/api/temporal/daily/point?parameters=PRECTOTCORR,T2M,T2M_MAX,T2M_MIN,RH2M&community=AG&longitude=103.016&latitude=21.386&start=20250101&end=20251231&format=JSON",MISSING,NASA Open Data,2026-07-18T20:17:47.892511+00:00,True,modeled,"Điện Biên, Việt Nam"
2025-06-17,21.386,103.016,23.31,25.62,21.52,92.5,4.59,NASA POWER Daily API,"https://power.larc.nasa.gov/api/temporal/daily/point?parameters=PRECTOTCORR,T2M,T2M_MAX,T2M_MIN,RH2M&community=AG&longitude=103.016&latitude=21.386&start=20250101&end=20251231&format=JSON",MISSING,NASA Open Data,2026-07-18T20:17:47.892511+00:00,True,modeled,"Điện Biên, Việt Nam"
2025-06-18,21.386,103.016,24.69,30.01,21.02,84.92,8.16,NASA POWER Daily API,"https://power.larc.nasa.gov/api/temporal/daily/point?parameters=PRECTOTCORR,T2M,T2M_MAX,T2M_MIN,RH2M&community=AG&longitude=103.016&latitude=21.386&start=20250101&end=20251231&format=JSON",MISSING,NASA Open Data,2026-07-18T20:17:47.892511+00:00,True,modeled,"Điện Biên, Việt Nam"
2025-06-19,21.386,103.016,24.83,29.89,21.5,84.24,4.27,NASA POWER Daily API,"https://power.larc.nasa.gov/api/temporal/daily/point?parameters=PRECTOTCORR,T2M,T2M_MAX,T2M_MIN,RH2M&community=AG&longitude=103.016&latitude=21.386&start=20250101&end=20251231&format=JSON",MISSING,NASA Open Data,2026-07-18T20:17:47.892511+00:00,True,modeled,"Điện Biên, Việt Nam"
2025-06-20,21.386,103.016,23.86,27.72,21.44,88.94,6.12,NASA POWER Daily API,"https://power.larc.nasa.gov/api/temporal/daily/point?parameters=PRECTOTCORR,T2M,T2M_MAX,T2M_MIN,RH2M&community=AG&longitude=103.016&latitude=21.386&start=20250101&end=20251231&format=JSON",MISSING,NASA Open Data,2026-07-18T20:17:47.892511+00:00,True,modeled,"Điện Biên, Việt Nam"
2025-06-21,21.386,103.016,23.64,26.86,21.33,89.85,22.28,NASA POWER Daily API,"https://power.larc.nasa.gov/api/temporal/daily/point?parameters=PRECTOTCORR,T2M,T2M_MAX,T2M_MIN,RH2M&community=AG&longitude=103.016&latitude=21.386&start=20250101&end=20251231&format=JSON",MISSING,NASA Open Data,2026-07-18T20:17:47.892511+00:00,True,modeled,"Điện Biên, Việt Nam"
2025-06-22,21.386,103.016,24.85,29.54,20.36,82.47,9.75,NASA POWER Daily API,"https://power.larc.nasa.gov/api/temporal/daily/point?parameters=PRECTOTCORR,T2M,T2M_MAX,T2M_MIN,RH2M&community=AG&longitude=103.016&latitude=21.386&start=20250101&end=20251231&format=JSON",MISSING,NASA Open Data,2026-07-18T20:17:47.892511+00:00,True,modeled,"Điện Biên, Việt Nam"
2025-06-23,21.386,103.016,24.89,28.34,21.8,84.51,6.14,NASA POWER Daily API,"https://power.larc.nasa.gov/api/temporal/daily/point?parameters=PRECTOTCORR,T2M,T2M_MAX,T2M_MIN,RH2M&community=AG&longitude=103.016&latitude=21.386&start=20250101&end=20251231&format=JSON",MISSING,NASA Open Data,2026-07-18T20:17:47.892511+00:00,True,modeled,"Điện Biên, Việt Nam"
2025-06-24,21.386,103.016,24.58,28.46,21.31,84.89,5.18,NASA POWER Daily API,"https://power.larc.nasa.gov/api/temporal/daily/point?parameters=PRECTOTCORR,T2M,T2M_MAX,T2M_MIN,RH2M&community=AG&longitude=103.016&latitude=21.386&start=20250101&end=20251231&format=JSON",MISSING,NASA Open Data,2026-07-18T20:17:47.892511+00:00,True,modeled,"Điện Biên, Việt Nam"
2025-06-25,21.386,103.016,23.51,25.65,21.39,91.59,9.79,NASA POWER Daily API,"https://power.larc.nasa.gov/api/temporal/daily/point?parameters=PRECTOTCORR,T2M,T2M_MAX,T2M_MIN,RH2M&community=AG&longitude=103.016&latitude=21.386&start=20250101&end=20251231&format=JSON",MISSING,NASA Open Data,2026-07-18T20:17:47.892511+00:00,True,modeled,"Điện Biên, Việt Nam"
2025-06-26,21.386,103.016,24.22,27.78,21.45,86.1,11.76,NASA POWER Daily API,"https://power.larc.nasa.gov/api/temporal/daily/point?parameters=PRECTOTCORR,T2M,T2M_MAX,T2M_MIN,RH2M&community=AG&longitude=103.016&latitude=21.386&start=20250101&end=20251231&format=JSON",MISSING,NASA Open Data,2026-07-18T20:17:47.892511+00:00,True,modeled,"Điện Biên, Việt Nam"
2025-06-27,21.386,103.016,24.79,29.49,20.83,85.97,18.21,NASA POWER Daily API,"https://power.larc.nasa.gov/api/temporal/daily/point?parameters=PRECTOTCORR,T2M,T2M_MAX,T2M_MIN,RH2M&community=AG&longitude=103.016&latitude=21.386&start=20250101&end=20251231&format=JSON",MISSING,NASA Open Data,2026-07-18T20:17:47.892511+00:00,True,modeled,"Điện Biên, Việt Nam"
2025-06-28,21.386,103.016,23.62,27.26,21.12,88.9,15.26,NASA POWER Daily API,"https://power.larc.nasa.gov/api/temporal/daily/point?parameters=PRECTOTCORR,T2M,T2M_MAX,T2M_MIN,RH2M&community=AG&longitude=103.016&latitude=21.386&start=20250101&end=20251231&format=JSON",MISSING,NASA Open Data,2026-07-18T20:17:47.892511+00:00,True,modeled,"Điện Biên, Việt Nam"
2025-06-29,21.386,103.016,23.17,26.83,20.52,90.64,7.05,NASA POWER Daily API,"https://power.larc.nasa.gov/api/temporal/daily/point?parameters=PRECTOTCORR,T2M,T2M_MAX,T2M_MIN,RH2M&community=AG&longitude=103.016&latitude=21.386&start=20250101&end=20251231&format=JSON",MISSING,NASA Open Data,2026-07-18T20:17:47.892511+00:00,True,modeled,"Điện Biên, Việt Nam"
2025-06-30,21.386,103.016,24.4,28.87,20.66,87.74,11.49,NASA POWER Daily API,"https://power.larc.nasa.gov/api/temporal/daily/point?parameters=PRECTOTCORR,T2M,T2M_MAX,T2M_MIN,RH2M&community=AG&longitude=103.016&latitude=21.386&start=20250101&end=20251231&format=JSON",MISSING,NASA Open Data,2026-07-18T20:17:47.892511+00:00,True,modeled,"Điện Biên, Việt Nam"
2025-07-01,21.386,103.016,23.48,25.99,21.59,93.69,20.7,NASA POWER Daily API,"https://power.larc.nasa.gov/api/temporal/daily/point?parameters=PRECTOTCORR,T2M,T2M_MAX,T2M_MIN,RH2M&community=AG&longitude=103.016&latitude=21.386&start=20250101&end=20251231&format=JSON",MISSING,NASA Open Data,2026-07-18T20:17:47.892511+00:00,True,modeled,"Điện Biên, Việt Nam"
2025-07-02,21.386,103.016,23.3,26.59,20.58,89.49,22.9,NASA POWER Daily API,"https://power.larc.nasa.gov/api/temporal/daily/point?parameters=PRECTOTCORR,T2M,T2M_MAX,T2M_MIN,RH2M&community=AG&longitude=103.016&latitude=21.386&start=20250101&end=20251231&format=JSON",MISSING,NASA Open Data,2026-07-18T20:17:47.892511+00:00,True,modeled,"Điện Biên, Việt Nam"
2025-07-03,21.386,103.016,23.13,26.49,20.35,90.53,4.25,NASA POWER Daily API,"https://power.larc.nasa.gov/api/temporal/daily/point?parameters=PRECTOTCORR,T2M,T2M_MAX,T2M_MIN,RH2M&community=AG&longitude=103.016&latitude=21.386&start=20250101&end=20251231&format=JSON",MISSING,NASA Open Data,2026-07-18T20:17:47.892511+00:00,True,modeled,"Điện Biên, Việt Nam"
2025-07-04,21.386,103.016,23.9,27.54,21.26,86.59,1.1,NASA POWER Daily API,"https://power.larc.nasa.gov/api/temporal/daily/point?parameters=PRECTOTCORR,T2M,T2M_MAX,T2M_MIN,RH2M&community=AG&longitude=103.016&latitude=21.386&start=20250101&end=20251231&format=JSON",MISSING,NASA Open Data,2026-07-18T20:17:47.892511+00:00,True,modeled,"Điện Biên, Việt Nam"
2025-07-05,21.386,103.016,24.36,28.96,20.79,87.16,6.72,NASA POWER Daily API,"https://power.larc.nasa.gov/api/temporal/daily/point?parameters=PRECTOTCORR,T2M,T2M_MAX,T2M_MIN,RH2M&community=AG&longitude=103.016&latitude=21.386&start=20250101&end=20251231&format=JSON",MISSING,NASA Open Data,2026-07-18T20:17:47.892511+00:00,True,modeled,"Điện Biên, Việt Nam"
2025-07-06,21.386,103.016,23.78,27.11,21.5,88.94,6.98,NASA POWER Daily API,"https://power.larc.nasa.gov/api/temporal/daily/point?parameters=PRECTOTCORR,T2M,T2M_MAX,T2M_MIN,RH2M&community=AG&longitude=103.016&latitude=21.386&start=20250101&end=20251231&format=JSON",MISSING,NASA Open Data,2026-07-18T20:17:47.892511+00:00,True,modeled,"Điện Biên, Việt Nam"
2025-07-07,21.386,103.016,23.97,28.15,21.0,87.55,5.15,NASA POWER Daily API,"https://power.larc.nasa.gov/api/temporal/daily/point?parameters=PRECTOTCORR,T2M,T2M_MAX,T2M_MIN,RH2M&community=AG&longitude=103.016&latitude=21.386&start=20250101&end=20251231&format=JSON",MISSING,NASA Open Data,2026-07-18T20:17:47.892511+00:00,True,modeled,"Điện Biên, Việt Nam"
2025-07-08,21.386,103.016,24.85,29.39,21.29,85.71,2.88,NASA POWER Daily API,"https://power.larc.nasa.gov/api/temporal/daily/point?parameters=PRECTOTCORR,T2M,T2M_MAX,T2M_MIN,RH2M&community=AG&longitude=103.016&latitude=21.386&start=20250101&end=20251231&format=JSON",MISSING,NASA Open Data,2026-07-18T20:17:47.892511+00:00,True,modeled,"Điện Biên, Việt Nam"
2025-07-09,21.386,103.016,24.05,27.36,21.85,91.65,9.79,NASA POWER Daily API,"https://power.larc.nasa.gov/api/temporal/daily/point?parameters=PRECTOTCORR,T2M,T2M_MAX,T2M_MIN,RH2M&community=AG&longitude=103.016&latitude=21.386&start=20250101&end=20251231&format=JSON",MISSING,NASA Open Data,2026-07-18T20:17:47.892511+00:00,True,modeled,"Điện Biên, Việt Nam"
2025-07-10,21.386,103.016,23.59,26.52,21.7,90.79,11.29,NASA POWER Daily API,"https://power.larc.nasa.gov/api/temporal/daily/point?parameters=PRECTOTCORR,T2M,T2M_MAX,T2M_MIN,RH2M&community=AG&longitude=103.016&latitude=21.386&start=20250101&end=20251231&format=JSON",MISSING,NASA Open Data,2026-07-18T20:17:47.892511+00:00,True,modeled,"Điện Biên, Việt Nam"
2025-07-11,21.386,103.016,23.81,26.77,21.11,88.88,33.43,NASA POWER Daily API,"https://power.larc.nasa.gov/api/temporal/daily/point?parameters=PRECTOTCORR,T2M,T2M_MAX,T2M_MIN,RH2M&community=AG&longitude=103.016&latitude=21.386&start=20250101&end=20251231&format=JSON",MISSING,NASA Open Data,2026-07-18T20:17:47.892511+00:00,True,modeled,"Điện Biên, Việt Nam"
2025-07-12,21.386,103.016,24.35,29.37,19.96,85.9,21.78,NASA POWER Daily API,"https://power.larc.nasa.gov/api/temporal/daily/point?parameters=PRECTOTCORR,T2M,T2M_MAX,T2M_MIN,RH2M&community=AG&longitude=103.016&latitude=21.386&start=20250101&end=20251231&format=JSON",MISSING,NASA Open Data,2026-07-18T20:17:47.892511+00:00,True,modeled,"Điện Biên, Việt Nam"
2025-07-13,21.386,103.016,24.65,27.47,21.93,87.54,7.73,NASA POWER Daily API,"https://power.larc.nasa.gov/api/temporal/daily/point?parameters=PRECTOTCORR,T2M,T2M_MAX,T2M_MIN,RH2M&community=AG&longitude=103.016&latitude=21.386&start=20250101&end=20251231&format=JSON",MISSING,NASA Open Data,2026-07-18T20:17:47.892511+00:00,True,modeled,"Điện Biên, Việt Nam"
2025-07-14,21.386,103.016,24.63,28.2,21.72,88.63,12.41,NASA POWER Daily API,"https://power.larc.nasa.gov/api/temporal/daily/point?parameters=PRECTOTCORR,T2M,T2M_MAX,T2M_MIN,RH2M&community=AG&longitude=103.016&latitude=21.386&start=20250101&end=20251231&format=JSON",MISSING,NASA Open Data,2026-07-18T20:17:47.892511+00:00,True,modeled,"Điện Biên, Việt Nam"
2025-07-15,21.386,103.016,24.5,28.2,21.84,89.71,5.08,NASA POWER Daily API,"https://power.larc.nasa.gov/api/temporal/daily/point?parameters=PRECTOTCORR,T2M,T2M_MAX,T2M_MIN,RH2M&community=AG&longitude=103.016&latitude=21.386&start=20250101&end=20251231&format=JSON",MISSING,NASA Open Data,2026-07-18T20:17:47.892511+00:00,True,modeled,"Điện Biên, Việt Nam"
2025-07-16,21.386,103.016,23.94,27.07,21.79,93.17,9.94,NASA POWER Daily API,"https://power.larc.nasa.gov/api/temporal/daily/point?parameters=PRECTOTCORR,T2M,T2M_MAX,T2M_MIN,RH2M&community=AG&longitude=103.016&latitude=21.386&start=20250101&end=20251231&format=JSON",MISSING,NASA Open Data,2026-07-18T20:17:47.892511+00:00,True,modeled,"Điện Biên, Việt Nam"
2025-07-17,21.386,103.016,24.3,29.37,20.74,88.14,1.45,NASA POWER Daily API,"https://power.larc.nasa.gov/api/temporal/daily/point?parameters=PRECTOTCORR,T2M,T2M_MAX,T2M_MIN,RH2M&community=AG&longitude=103.016&latitude=21.386&start=20250101&end=20251231&format=JSON",MISSING,NASA Open Data,2026-07-18T20:17:47.892511+00:00,True,modeled,"Điện Biên, Việt Nam"
2025-07-18,21.386,103.016,25.27,30.53,20.9,83.89,0.48,NASA POWER Daily API,"https://power.larc.nasa.gov/api/temporal/daily/point?parameters=PRECTOTCORR,T2M,T2M_MAX,T2M_MIN,RH2M&community=AG&longitude=103.016&latitude=21.386&start=20250101&end=20251231&format=JSON",MISSING,NASA Open Data,2026-07-18T20:17:47.892511+00:00,True,modeled,"Điện Biên, Việt Nam"
2025-07-19,21.386,103.016,25.23,29.53,21.73,87.02,4.01,NASA POWER Daily API,"https://power.larc.nasa.gov/api/temporal/daily/point?parameters=PRECTOTCORR,T2M,T2M_MAX,T2M_MIN,RH2M&community=AG&longitude=103.016&latitude=21.386&start=20250101&end=20251231&format=JSON",MISSING,NASA Open Data,2026-07-18T20:17:47.892511+00:00,True,modeled,"Điện Biên, Việt Nam"
2025-07-20,21.386,103.016,24.87,28.37,22.37,89.36,4.17,NASA POWER Daily API,"https://power.larc.nasa.gov/api/temporal/daily/point?parameters=PRECTOTCORR,T2M,T2M_MAX,T2M_MIN,RH2M&community=AG&longitude=103.016&latitude=21.386&start=20250101&end=20251231&format=JSON",MISSING,NASA Open Data,2026-07-18T20:17:47.892511+00:00,True,modeled,"Điện Biên, Việt Nam"
2025-07-21,21.386,103.016,25.07,29.63,22.17,89.4,17.68,NASA POWER Daily API,"https://power.larc.nasa.gov/api/temporal/daily/point?parameters=PRECTOTCORR,T2M,T2M_MAX,T2M_MIN,RH2M&community=AG&longitude=103.016&latitude=21.386&start=20250101&end=20251231&format=JSON",MISSING,NASA Open Data,2026-07-18T20:17:47.892511+00:00,True,modeled,"Điện Biên, Việt Nam"
2025-07-22,21.386,103.016,24.43,28.12,22.7,93.69,25.54,NASA POWER Daily API,"https://power.larc.nasa.gov/api/temporal/daily/point?parameters=PRECTOTCORR,T2M,T2M_MAX,T2M_MIN,RH2M&community=AG&longitude=103.016&latitude=21.386&start=20250101&end=20251231&format=JSON",MISSING,NASA Open Data,2026-07-18T20:17:47.892511+00:00,True,modeled,"Điện Biên, Việt Nam"
2025-07-23,21.386,103.016,24.44,28.18,21.31,90.06,31.05,NASA POWER Daily API,"https://power.larc.nasa.gov/api/temporal/daily/point?parameters=PRECTOTCORR,T2M,T2M_MAX,T2M_MIN,RH2M&community=AG&longitude=103.016&latitude=21.386&start=20250101&end=20251231&format=JSON",MISSING,NASA Open Data,2026-07-18T20:17:47.892511+00:00,True,modeled,"Điện Biên, Việt Nam"
2025-07-24,21.386,103.016,24.45,28.5,22.05,87.93,4.24,NASA POWER Daily API,"https://power.larc.nasa.gov/api/temporal/daily/point?parameters=PRECTOTCORR,T2M,T2M_MAX,T2M_MIN,RH2M&community=AG&longitude=103.016&latitude=21.386&start=20250101&end=20251231&format=JSON",MISSING,NASA Open Data,2026-07-18T20:17:47.892511+00:00,True,modeled,"Điện Biên, Việt Nam"
2025-07-25,21.386,103.016,23.73,26.87,21.38,91.34,6.04,NASA POWER Daily API,"https://power.larc.nasa.gov/api/temporal/daily/point?parameters=PRECTOTCORR,T2M,T2M_MAX,T2M_MIN,RH2M&community=AG&longitude=103.016&latitude=21.386&start=20250101&end=20251231&format=JSON",MISSING,NASA Open Data,2026-07-18T20:17:47.892511+00:00,True,modeled,"Điện Biên, Việt Nam"
2025-07-26,21.386,103.016,23.05,25.29,21.56,95.09,19.01,NASA POWER Daily API,"https://power.larc.nasa.gov/api/temporal/daily/point?parameters=PRECTOTCORR,T2M,T2M_MAX,T2M_MIN,RH2M&community=AG&longitude=103.016&latitude=21.386&start=20250101&end=20251231&format=JSON",MISSING,NASA Open Data,2026-07-18T20:17:47.892511+00:00,True,modeled,"Điện Biên, Việt Nam"
2025-07-27,21.386,103.016,24.29,27.72,21.02,87.92,14.93,NASA POWER Daily API,"https://power.larc.nasa.gov/api/temporal/daily/point?parameters=PRECTOTCORR,T2M,T2M_MAX,T2M_MIN,RH2M&community=AG&longitude=103.016&latitude=21.386&start=20250101&end=20251231&format=JSON",MISSING,NASA Open Data,2026-07-18T20:17:47.892511+00:00,True,modeled,"Điện Biên, Việt Nam"
2025-07-28,21.386,103.016,24.97,29.61,20.96,84.33,1.46,NASA POWER Daily API,"https://power.larc.nasa.gov/api/temporal/daily/point?parameters=PRECTOTCORR,T2M,T2M_MAX,T2M_MIN,RH2M&community=AG&longitude=103.016&latitude=21.386&start=20250101&end=20251231&format=JSON",MISSING,NASA Open Data,2026-07-18T20:17:47.892511+00:00,True,modeled,"Điện Biên, Việt Nam"
2025-07-29,21.386,103.016,25.66,31.21,21.15,84.5,1.35,NASA POWER Daily API,"https://power.larc.nasa.gov/api/temporal/daily/point?parameters=PRECTOTCORR,T2M,T2M_MAX,T2M_MIN,RH2M&community=AG&longitude=103.016&latitude=21.386&start=20250101&end=20251231&format=JSON",MISSING,NASA Open Data,2026-07-18T20:17:47.892511+00:00,True,modeled,"Điện Biên, Việt Nam"
2025-07-30,21.386,103.016,25.17,29.28,21.75,89.48,7.17,NASA POWER Daily API,"https://power.larc.nasa.gov/api/temporal/daily/point?parameters=PRECTOTCORR,T2M,T2M_MAX,T2M_MIN,RH2M&community=AG&longitude=103.016&latitude=21.386&start=20250101&end=20251231&format=JSON",MISSING,NASA Open Data,2026-07-18T20:17:47.892511+00:00,True,modeled,"Điện Biên, Việt Nam"
2025-07-31,21.386,103.016,23.68,25.9,22.18,93.0,11.8,NASA POWER Daily API,"https://power.larc.nasa.gov/api/temporal/daily/point?parameters=PRECTOTCORR,T2M,T2M_MAX,T2M_MIN,RH2M&community=AG&longitude=103.016&latitude=21.386&start=20250101&end=20251231&format=JSON",MISSING,NASA Open Data,2026-07-18T20:17:47.892511+00:00,True,modeled,"Điện Biên, Việt Nam"
2025-08-01,21.386,103.016,24.24,27.85,21.84,92.09,5.66,NASA POWER Daily API,"https://power.larc.nasa.gov/api/temporal/daily/point?parameters=PRECTOTCORR,T2M,T2M_MAX,T2M_MIN,RH2M&community=AG&longitude=103.016&latitude=21.386&start=20250101&end=20251231&format=JSON",MISSING,NASA Open Data,2026-07-18T20:17:47.892511+00:00,True,modeled,"Điện Biên, Việt Nam"
2025-08-02,21.386,103.016,25.39,30.17,21.34,85.63,1.38,NASA POWER Daily API,"https://power.larc.nasa.gov/api/temporal/daily/point?parameters=PRECTOTCORR,T2M,T2M_MAX,T2M_MIN,RH2M&community=AG&longitude=103.016&latitude=21.386&start=20250101&end=20251231&format=JSON",MISSING,NASA Open Data,2026-07-18T20:17:47.892511+00:00,True,modeled,"Điện Biên, Việt Nam"
2025-08-03,21.386,103.016,25.56,29.61,22.46,83.01,0.78,NASA POWER Daily API,"https://power.larc.nasa.gov/api/temporal/daily/point?parameters=PRECTOTCORR,T2M,T2M_MAX,T2M_MIN,RH2M&community=AG&longitude=103.016&latitude=21.386&start=20250101&end=20251231&format=JSON",MISSING,NASA Open Data,2026-07-18T20:17:47.892511+00:00,True,modeled,"Điện Biên, Việt Nam"
2025-08-04,21.386,103.016,25.18,29.65,21.52,84.24,1.74,NASA POWER Daily API,"https://power.larc.nasa.gov/api/temporal/daily/point?parameters=PRECTOTCORR,T2M,T2M_MAX,T2M_MIN,RH2M&community=AG&longitude=103.016&latitude=21.386&start=20250101&end=20251231&format=JSON",MISSING,NASA Open Data,2026-07-18T20:17:47.892511+00:00,True,modeled,"Điện Biên, Việt Nam"
2025-08-05,21.386,103.016,24.27,27.14,22.08,91.35,7.94,NASA POWER Daily API,"https://power.larc.nasa.gov/api/temporal/daily/point?parameters=PRECTOTCORR,T2M,T2M_MAX,T2M_MIN,RH2M&community=AG&longitude=103.016&latitude=21.386&start=20250101&end=20251231&format=JSON",MISSING,NASA Open Data,2026-07-18T20:17:47.892511+00:00,True,modeled,"Điện Biên, Việt Nam"
2025-08-06,21.386,103.016,22.64,24.8,21.21,95.21,9.4,NASA POWER Daily API,"https://power.larc.nasa.gov/api/temporal/daily/point?parameters=PRECTOTCORR,T2M,T2M_MAX,T2M_MIN,RH2M&community=AG&longitude=103.016&latitude=21.386&start=20250101&end=20251231&format=JSON",MISSING,NASA Open Data,2026-07-18T20:17:47.892511+00:00,True,modeled,"Điện Biên, Việt Nam"
2025-08-07,21.386,103.016,23.34,27.32,20.49,89.85,3.72,NASA POWER Daily API,"https://power.larc.nasa.gov/api/temporal/daily/point?parameters=PRECTOTCORR,T2M,T2M_MAX,T2M_MIN,RH2M&community=AG&longitude=103.016&latitude=21.386&start=20250101&end=20251231&format=JSON",MISSING,NASA Open Data,2026-07-18T20:17:47.892511+00:00,True,modeled,"Điện Biên, Việt Nam"
2025-08-08,21.386,103.016,23.68,27.79,20.73,89.51,3.07,NASA POWER Daily API,"https://power.larc.nasa.gov/api/temporal/daily/point?parameters=PRECTOTCORR,T2M,T2M_MAX,T2M_MIN,RH2M&community=AG&longitude=103.016&latitude=21.386&start=20250101&end=20251231&format=JSON",MISSING,NASA Open Data,2026-07-18T20:17:47.892511+00:00,True,modeled,"Điện Biên, Việt Nam"
2025-08-09,21.386,103.016,24.85,29.75,20.71,83.89,0.43,NASA POWER Daily API,"https://power.larc.nasa.gov/api/temporal/daily/point?parameters=PRECTOTCORR,T2M,T2M_MAX,T2M_MIN,RH2M&community=AG&longitude=103.016&latitude=21.386&start=20250101&end=20251231&format=JSON",MISSING,NASA Open Data,2026-07-18T20:17:47.892511+00:00,True,modeled,"Điện Biên, Việt Nam"
2025-08-10,21.386,103.016,25.07,29.35,21.6,87.46,7.14,NASA POWER Daily API,"https://power.larc.nasa.gov/api/temporal/daily/point?parameters=PRECTOTCORR,T2M,T2M_MAX,T2M_MIN,RH2M&community=AG&longitude=103.016&latitude=21.386&start=20250101&end=20251231&format=JSON",MISSING,NASA Open Data,2026-07-18T20:17:47.892511+00:00,True,modeled,"Điện Biên, Việt Nam"
2025-08-11,21.386,103.016,25.74,30.06,21.57,84.46,7.88,NASA POWER Daily API,"https://power.larc.nasa.gov/api/temporal/daily/point?parameters=PRECTOTCORR,T2M,T2M_MAX,T2M_MIN,RH2M&community=AG&longitude=103.016&latitude=21.386&start=20250101&end=20251231&format=JSON",MISSING,NASA Open Data,2026-07-18T20:17:47.892511+00:00,True,modeled,"Điện Biên, Việt Nam"
2025-08-12,21.386,103.016,24.46,27.81,21.51,90.35,6.73,NASA POWER Daily API,"https://power.larc.nasa.gov/api/temporal/daily/point?parameters=PRECTOTCORR,T2M,T2M_MAX,T2M_MIN,RH2M&community=AG&longitude=103.016&latitude=21.386&start=20250101&end=20251231&format=JSON",MISSING,NASA Open Data,2026-07-18T20:17:47.892511+00:00,True,modeled,"Điện Biên, Việt Nam"
2025-08-13,21.386,103.016,24.82,28.92,21.19,83.39,3.87,NASA POWER Daily API,"https://power.larc.nasa.gov/api/temporal/daily/point?parameters=PRECTOTCORR,T2M,T2M_MAX,T2M_MIN,RH2M&community=AG&longitude=103.016&latitude=21.386&start=20250101&end=20251231&format=JSON",MISSING,NASA Open Data,2026-07-18T20:17:47.892511+00:00,True,modeled,"Điện Biên, Việt Nam"
2025-08-14,21.386,103.016,25.89,30.51,21.8,81.67,8.23,NASA POWER Daily API,"https://power.larc.nasa.gov/api/temporal/daily/point?parameters=PRECTOTCORR,T2M,T2M_MAX,T2M_MIN,RH2M&community=AG&longitude=103.016&latitude=21.386&start=20250101&end=20251231&format=JSON",MISSING,NASA Open Data,2026-07-18T20:17:47.892511+00:00,True,modeled,"Điện Biên, Việt Nam"
2025-08-15,21.386,103.016,22.99,25.06,21.23,93.62,15.6,NASA POWER Daily API,"https://power.larc.nasa.gov/api/temporal/daily/point?parameters=PRECTOTCORR,T2M,T2M_MAX,T2M_MIN,RH2M&community=AG&longitude=103.016&latitude=21.386&start=20250101&end=20251231&format=JSON",MISSING,NASA Open Data,2026-07-18T20:17:47.892511+00:00,True,modeled,"Điện Biên, Việt Nam"
2025-08-16,21.386,103.016,22.77,26.23,20.49,89.42,4.7,NASA POWER Daily API,"https://power.larc.nasa.gov/api/temporal/daily/point?parameters=PRECTOTCORR,T2M,T2M_MAX,T2M_MIN,RH2M&community=AG&longitude=103.016&latitude=21.386&start=20250101&end=20251231&format=JSON",MISSING,NASA Open Data,2026-07-18T20:17:47.892511+00:00,True,modeled,"Điện Biên, Việt Nam"
2025-08-17,21.386,103.016,23.89,28.13,19.57,81.52,1.11,NASA POWER Daily API,"https://power.larc.nasa.gov/api/temporal/daily/point?parameters=PRECTOTCORR,T2M,T2M_MAX,T2M_MIN,RH2M&community=AG&longitude=103.016&latitude=21.386&start=20250101&end=20251231&format=JSON",MISSING,NASA Open Data,2026-07-18T20:17:47.892511+00:00,True,modeled,"Điện Biên, Việt Nam"
2025-08-18,21.386,103.016,25.03,29.77,20.09,77.65,0.65,NASA POWER Daily API,"https://power.larc.nasa.gov/api/temporal/daily/point?parameters=PRECTOTCORR,T2M,T2M_MAX,T2M_MIN,RH2M&community=AG&longitude=103.016&latitude=21.386&start=20250101&end=20251231&format=JSON",MISSING,NASA Open Data,2026-07-18T20:17:47.892511+00:00,True,modeled,"Điện Biên, Việt Nam"
2025-08-19,21.386,103.016,24.42,28.14,21.02,87.19,8.61,NASA POWER Daily API,"https://power.larc.nasa.gov/api/temporal/daily/point?parameters=PRECTOTCORR,T2M,T2M_MAX,T2M_MIN,RH2M&community=AG&longitude=103.016&latitude=21.386&start=20250101&end=20251231&format=JSON",MISSING,NASA Open Data,2026-07-18T20:17:47.892511+00:00,True,modeled,"Điện Biên, Việt Nam"
2025-08-20,21.386,103.016,23.37,26.51,21.11,92.29,11.87,NASA POWER Daily API,"https://power.larc.nasa.gov/api/temporal/daily/point?parameters=PRECTOTCORR,T2M,T2M_MAX,T2M_MIN,RH2M&community=AG&longitude=103.016&latitude=21.386&start=20250101&end=20251231&format=JSON",MISSING,NASA Open Data,2026-07-18T20:17:47.892511+00:00,True,modeled,"Điện Biên, Việt Nam"
2025-08-21,21.386,103.016,23.47,26.9,21.18,89.75,9.23,NASA POWER Daily API,"https://power.larc.nasa.gov/api/temporal/daily/point?parameters=PRECTOTCORR,T2M,T2M_MAX,T2M_MIN,RH2M&community=AG&longitude=103.016&latitude=21.386&start=20250101&end=20251231&format=JSON",MISSING,NASA Open Data,2026-07-18T20:17:47.892511+00:00,True,modeled,"Điện Biên, Việt Nam"
2025-08-22,21.386,103.016,23.62,27.01,20.36,86.77,4.74,NASA POWER Daily API,"https://power.larc.nasa.gov/api/temporal/daily/point?parameters=PRECTOTCORR,T2M,T2M_MAX,T2M_MIN,RH2M&community=AG&longitude=103.016&latitude=21.386&start=20250101&end=20251231&format=JSON",MISSING,NASA Open Data,2026-07-18T20:17:47.892511+00:00,True,modeled,"Điện Biên, Việt Nam"
2025-08-23,21.386,103.016,23.59,26.8,20.52,88.21,6.91,NASA POWER Daily API,"https://power.larc.nasa.gov/api/temporal/daily/point?parameters=PRECTOTCORR,T2M,T2M_MAX,T2M_MIN,RH2M&community=AG&longitude=103.016&latitude=21.386&start=20250101&end=20251231&format=JSON",MISSING,NASA Open Data,2026-07-18T20:17:47.892511+00:00,True,modeled,"Điện Biên, Việt Nam"
2025-08-24,21.386,103.016,24.32,29.2,20.76,81.72,1.68,NASA POWER Daily API,"https://power.larc.nasa.gov/api/temporal/daily/point?parameters=PRECTOTCORR,T2M,T2M_MAX,T2M_MIN,RH2M&community=AG&longitude=103.016&latitude=21.386&start=20250101&end=20251231&format=JSON",MISSING,NASA Open Data,2026-07-18T20:17:47.892511+00:00,True,modeled,"Điện Biên, Việt Nam"
2025-08-25,21.386,103.016,23.18,27.65,19.79,87.26,12.51,NASA POWER Daily API,"https://power.larc.nasa.gov/api/temporal/daily/point?parameters=PRECTOTCORR,T2M,T2M_MAX,T2M_MIN,RH2M&community=AG&longitude=103.016&latitude=21.386&start=20250101&end=20251231&format=JSON",MISSING,NASA Open Data,2026-07-18T20:17:47.892511+00:00,True,modeled,"Điện Biên, Việt Nam"
2025-08-26,21.386,103.016,21.45,23.59,19.87,94.37,52.43,NASA POWER Daily API,"https://power.larc.nasa.gov/api/temporal/daily/point?parameters=PRECTOTCORR,T2M,T2M_MAX,T2M_MIN,RH2M&community=AG&longitude=103.016&latitude=21.386&start=20250101&end=20251231&format=JSON",MISSING,NASA Open Data,2026-07-18T20:17:47.892511+00:00,True,modeled,"Điện Biên, Việt Nam"
2025-08-27,21.386,103.016,22.33,25.59,19.58,91.86,8.27,NASA POWER Daily API,"https://power.larc.nasa.gov/api/temporal/daily/point?parameters=PRECTOTCORR,T2M,T2M_MAX,T2M_MIN,RH2M&community=AG&longitude=103.016&latitude=21.386&start=20250101&end=20251231&format=JSON",MISSING,NASA Open Data,2026-07-18T20:17:47.892511+00:00,True,modeled,"Điện Biên, Việt Nam"
2025-08-28,21.386,103.016,23.57,28.06,20.04,87.04,3.24,NASA POWER Daily API,"https://power.larc.nasa.gov/api/temporal/daily/point?parameters=PRECTOTCORR,T2M,T2M_MAX,T2M_MIN,RH2M&community=AG&longitude=103.016&latitude=21.386&start=20250101&end=20251231&format=JSON",MISSING,NASA Open Data,2026-07-18T20:17:47.892511+00:00,True,modeled,"Điện Biên, Việt Nam"
2025-08-29,21.386,103.016,24.09,29.32,19.92,83.88,2.29,NASA POWER Daily API,"https://power.larc.nasa.gov/api/temporal/daily/point?parameters=PRECTOTCORR,T2M,T2M_MAX,T2M_MIN,RH2M&community=AG&longitude=103.016&latitude=21.386&start=20250101&end=20251231&format=JSON",MISSING,NASA Open Data,2026-07-18T20:17:47.892511+00:00,True,modeled,"Điện Biên, Việt Nam"
2025-08-30,21.386,103.016,23.48,27.53,20.17,88.8,11.93,NASA POWER Daily API,"https://power.larc.nasa.gov/api/temporal/daily/point?parameters=PRECTOTCORR,T2M,T2M_MAX,T2M_MIN,RH2M&community=AG&longitude=103.016&latitude=21.386&start=20250101&end=20251231&format=JSON",MISSING,NASA Open Data,2026-07-18T20:17:47.892511+00:00,True,modeled,"Điện Biên, Việt Nam"
2025-08-31,21.386,103.016,23.4,27.15,20.68,89.81,10.94,NASA POWER Daily API,"https://power.larc.nasa.gov/api/temporal/daily/point?parameters=PRECTOTCORR,T2M,T2M_MAX,T2M_MIN,RH2M&community=AG&longitude=103.016&latitude=21.386&start=20250101&end=20251231&format=JSON",MISSING,NASA Open Data,2026-07-18T20:17:47.892511+00:00,True,modeled,"Điện Biên, Việt Nam"
2025-09-01,21.386,103.016,24.18,29.4,19.83,83.94,0.3,NASA POWER Daily API,"https://power.larc.nasa.gov/api/temporal/daily/point?parameters=PRECTOTCORR,T2M,T2M_MAX,T2M_MIN,RH2M&community=AG&longitude=103.016&latitude=21.386&start=20250101&end=20251231&format=JSON",MISSING,NASA Open Data,2026-07-18T20:17:47.892511+00:00,True,modeled,"Điện Biên, Việt Nam"
2025-09-02,21.386,103.016,24.81,29.3,20.96,84.14,0.43,NASA POWER Daily API,"https://power.larc.nasa.gov/api/temporal/daily/point?parameters=PRECTOTCORR,T2M,T2M_MAX,T2M_MIN,RH2M&community=AG&longitude=103.016&latitude=21.386&start=20250101&end=20251231&format=JSON",MISSING,NASA Open Data,2026-07-18T20:17:47.892511+00:00,True,modeled,"Điện Biên, Việt Nam"
2025-09-03,21.386,103.016,24.81,28.96,21.38,86.32,1.52,NASA POWER Daily API,"https://power.larc.nasa.gov/api/temporal/daily/point?parameters=PRECTOTCORR,T2M,T2M_MAX,T2M_MIN,RH2M&community=AG&longitude=103.016&latitude=21.386&start=20250101&end=20251231&format=JSON",MISSING,NASA Open Data,2026-07-18T20:17:47.892511+00:00,True,modeled,"Điện Biên, Việt Nam"
2025-09-04,21.386,103.016,26.01,30.45,21.41,79.29,1.28,NASA POWER Daily API,"https://power.larc.nasa.gov/api/temporal/daily/point?parameters=PRECTOTCORR,T2M,T2M_MAX,T2M_MIN,RH2M&community=AG&longitude=103.016&latitude=21.386&start=20250101&end=20251231&format=JSON",MISSING,NASA Open Data,2026-07-18T20:17:47.892511+00:00,True,modeled,"Điện Biên, Việt Nam"
2025-09-05,21.386,103.016,25.92,30.63,22.49,79.53,1.48,NASA POWER Daily API,"https://power.larc.nasa.gov/api/temporal/daily/point?parameters=PRECTOTCORR,T2M,T2M_MAX,T2M_MIN,RH2M&community=AG&longitude=103.016&latitude=21.386&start=20250101&end=20251231&format=JSON",MISSING,NASA Open Data,2026-07-18T20:17:47.892511+00:00,True,modeled,"Điện Biên, Việt Nam"
2025-09-06,21.386,103.016,25.54,30.23,21.45,82.74,4.02,NASA POWER Daily API,"https://power.larc.nasa.gov/api/temporal/daily/point?parameters=PRECTOTCORR,T2M,T2M_MAX,T2M_MIN,RH2M&community=AG&longitude=103.016&latitude=21.386&start=20250101&end=20251231&format=JSON",MISSING,NASA Open Data,2026-07-18T20:17:47.892511+00:00,True,modeled,"Điện Biên, Việt Nam"
2025-09-07,21.386,103.016,25.32,29.99,21.13,81.24,4.62,NASA POWER Daily API,"https://power.larc.nasa.gov/api/temporal/daily/point?parameters=PRECTOTCORR,T2M,T2M_MAX,T2M_MIN,RH2M&community=AG&longitude=103.016&latitude=21.386&start=20250101&end=20251231&format=JSON",MISSING,NASA Open Data,2026-07-18T20:17:47.892511+00:00,True,modeled,"Điện Biên, Việt Nam"
2025-09-08,21.386,103.016,25.93,30.99,21.46,77.84,1.63,NASA POWER Daily API,"https://power.larc.nasa.gov/api/temporal/daily/point?parameters=PRECTOTCORR,T2M,T2M_MAX,T2M_MIN,RH2M&community=AG&longitude=103.016&latitude=21.386&start=20250101&end=20251231&format=JSON",MISSING,NASA Open Data,2026-07-18T20:17:47.892511+00:00,True,modeled,"Điện Biên, Việt Nam"
2025-09-09,21.386,103.016,24.46,28.36,21.18,86.9,13.27,NASA POWER Daily API,"https://power.larc.nasa.gov/api/temporal/daily/point?parameters=PRECTOTCORR,T2M,T2M_MAX,T2M_MIN,RH2M&community=AG&longitude=103.016&latitude=21.386&start=20250101&end=20251231&format=JSON",MISSING,NASA Open Data,2026-07-18T20:17:47.892511+00:00,True,modeled,"Điện Biên, Việt Nam"
2025-09-10,21.386,103.016,24.04,27.99,20.96,86.3,1.76,NASA POWER Daily API,"https://power.larc.nasa.gov/api/temporal/daily/point?parameters=PRECTOTCORR,T2M,T2M_MAX,T2M_MIN,RH2M&community=AG&longitude=103.016&latitude=21.386&start=20250101&end=20251231&format=JSON",MISSING,NASA Open Data,2026-07-18T20:17:47.892511+00:00,True,modeled,"Điện Biên, Việt Nam"
2025-09-11,21.386,103.016,23.38,27.3,21.04,89.28,10.11,NASA POWER Daily API,"https://power.larc.nasa.gov/api/temporal/daily/point?parameters=PRECTOTCORR,T2M,T2M_MAX,T2M_MIN,RH2M&community=AG&longitude=103.016&latitude=21.386&start=20250101&end=20251231&format=JSON",MISSING,NASA Open Data,2026-07-18T20:17:47.892511+00:00,True,modeled,"Điện Biên, Việt Nam"
2025-09-12,21.386,103.016,23.46,26.96,20.22,87.16,2.04,NASA POWER Daily API,"https://power.larc.nasa.gov/api/temporal/daily/point?parameters=PRECTOTCORR,T2M,T2M_MAX,T2M_MIN,RH2M&community=AG&longitude=103.016&latitude=21.386&start=20250101&end=20251231&format=JSON",MISSING,NASA Open Data,2026-07-18T20:17:47.892511+00:00,True,modeled,"Điện Biên, Việt Nam"
2025-09-13,21.386,103.016,23.43,27.06,20.3,86.47,2.97,NASA POWER Daily API,"https://power.larc.nasa.gov/api/temporal/daily/point?parameters=PRECTOTCORR,T2M,T2M_MAX,T2M_MIN,RH2M&community=AG&longitude=103.016&latitude=21.386&start=20250101&end=20251231&format=JSON",MISSING,NASA Open Data,2026-07-18T20:17:47.892511+00:00,True,modeled,"Điện Biên, Việt Nam"
2025-09-14,21.386,103.016,23.47,27.05,20.79,85.92,7.58,NASA POWER Daily API,"https://power.larc.nasa.gov/api/temporal/daily/point?parameters=PRECTOTCORR,T2M,T2M_MAX,T2M_MIN,RH2M&community=AG&longitude=103.016&latitude=21.386&start=20250101&end=20251231&format=JSON",MISSING,NASA Open Data,2026-07-18T20:17:47.892511+00:00,True,modeled,"Điện Biên, Việt Nam"
2025-09-15,21.386,103.016,23.82,27.97,20.4,86.51,2.92,NASA POWER Daily API,"https://power.larc.nasa.gov/api/temporal/daily/point?parameters=PRECTOTCORR,T2M,T2M_MAX,T2M_MIN,RH2M&community=AG&longitude=103.016&latitude=21.386&start=20250101&end=20251231&format=JSON",MISSING,NASA Open Data,2026-07-18T20:17:47.892511+00:00,True,modeled,"Điện Biên, Việt Nam"
2025-09-16,21.386,103.016,22.96,25.96,21.01,91.03,9.09,NASA POWER Daily API,"https://power.larc.nasa.gov/api/temporal/daily/point?parameters=PRECTOTCORR,T2M,T2M_MAX,T2M_MIN,RH2M&community=AG&longitude=103.016&latitude=21.386&start=20250101&end=20251231&format=JSON",MISSING,NASA Open Data,2026-07-18T20:17:47.892511+00:00,True,modeled,"Điện Biên, Việt Nam"
2025-09-17,21.386,103.016,24.14,29.38,19.84,83.37,2.19,NASA POWER Daily API,"https://power.larc.nasa.gov/api/temporal/daily/point?parameters=PRECTOTCORR,T2M,T2M_MAX,T2M_MIN,RH2M&community=AG&longitude=103.016&latitude=21.386&start=20250101&end=20251231&format=JSON",MISSING,NASA Open Data,2026-07-18T20:17:47.892511+00:00,True,modeled,"Điện Biên, Việt Nam"
2025-09-18,21.386,103.016,23.68,28.61,19.97,84.75,1.58,NASA POWER Daily API,"https://power.larc.nasa.gov/api/temporal/daily/point?parameters=PRECTOTCORR,T2M,T2M_MAX,T2M_MIN,RH2M&community=AG&longitude=103.016&latitude=21.386&start=20250101&end=20251231&format=JSON",MISSING,NASA Open Data,2026-07-18T20:17:47.892511+00:00,True,modeled,"Điện Biên, Việt Nam"
2025-09-19,21.386,103.016,24.06,29.32,19.76,83.47,0.28,NASA POWER Daily API,"https://power.larc.nasa.gov/api/temporal/daily/point?parameters=PRECTOTCORR,T2M,T2M_MAX,T2M_MIN,RH2M&community=AG&longitude=103.016&latitude=21.386&start=20250101&end=20251231&format=JSON",MISSING,NASA Open Data,2026-07-18T20:17:47.892511+00:00,True,modeled,"Điện Biên, Việt Nam"
2025-09-20,21.386,103.016,24.89,30.13,20.43,79.97,1.66,NASA POWER Daily API,"https://power.larc.nasa.gov/api/temporal/daily/point?parameters=PRECTOTCORR,T2M,T2M_MAX,T2M_MIN,RH2M&community=AG&longitude=103.016&latitude=21.386&start=20250101&end=20251231&format=JSON",MISSING,NASA Open Data,2026-07-18T20:17:47.892511+00:00,True,modeled,"Điện Biên, Việt Nam"
2025-09-21,21.386,103.016,24.09,28.11,20.7,87.69,10.32,NASA POWER Daily API,"https://power.larc.nasa.gov/api/temporal/daily/point?parameters=PRECTOTCORR,T2M,T2M_MAX,T2M_MIN,RH2M&community=AG&longitude=103.016&latitude=21.386&start=20250101&end=20251231&format=JSON",MISSING,NASA Open Data,2026-07-18T20:17:47.892511+00:00,True,modeled,"Điện Biên, Việt Nam"
2025-09-22,21.386,103.016,23.7,27.48,21.14,92.29,17.09,NASA POWER Daily API,"https://power.larc.nasa.gov/api/temporal/daily/point?parameters=PRECTOTCORR,T2M,T2M_MAX,T2M_MIN,RH2M&community=AG&longitude=103.016&latitude=21.386&start=20250101&end=20251231&format=JSON",MISSING,NASA Open Data,2026-07-18T20:17:47.892511+00:00,True,modeled,"Điện Biên, Việt Nam"
2025-09-23,21.386,103.016,23.54,26.83,21.07,89.79,14.3,NASA POWER Daily API,"https://power.larc.nasa.gov/api/temporal/daily/point?parameters=PRECTOTCORR,T2M,T2M_MAX,T2M_MIN,RH2M&community=AG&longitude=103.016&latitude=21.386&start=20250101&end=20251231&format=JSON",MISSING,NASA Open Data,2026-07-18T20:17:47.892511+00:00,True,modeled,"Điện Biên, Việt Nam"
2025-09-24,21.386,103.016,23.55,27.62,20.45,81.6,5.33,NASA POWER Daily API,"https://power.larc.nasa.gov/api/temporal/daily/point?parameters=PRECTOTCORR,T2M,T2M_MAX,T2M_MIN,RH2M&community=AG&longitude=103.016&latitude=21.386&start=20250101&end=20251231&format=JSON",MISSING,NASA Open Data,2026-07-18T20:17:47.892511+00:00,True,modeled,"Điện Biên, Việt Nam"
2025-09-25,21.386,103.016,23.0,27.75,19.57,84.61,6.19,NASA POWER Daily API,"https://power.larc.nasa.gov/api/temporal/daily/point?parameters=PRECTOTCORR,T2M,T2M_MAX,T2M_MIN,RH2M&community=AG&longitude=103.016&latitude=21.386&start=20250101&end=20251231&format=JSON",MISSING,NASA Open Data,2026-07-18T20:17:47.892511+00:00,True,modeled,"Điện Biên, Việt Nam"
2025-09-26,21.386,103.016,22.38,25.54,19.73,91.79,9.59,NASA POWER Daily API,"https://power.larc.nasa.gov/api/temporal/daily/point?parameters=PRECTOTCORR,T2M,T2M_MAX,T2M_MIN,RH2M&community=AG&longitude=103.016&latitude=21.386&start=20250101&end=20251231&format=JSON",MISSING,NASA Open Data,2026-07-18T20:17:47.892511+00:00,True,modeled,"Điện Biên, Việt Nam"
2025-09-27,21.386,103.016,22.74,26.47,19.94,92.49,18.08,NASA POWER Daily API,"https://power.larc.nasa.gov/api/temporal/daily/point?parameters=PRECTOTCORR,T2M,T2M_MAX,T2M_MIN,RH2M&community=AG&longitude=103.016&latitude=21.386&start=20250101&end=20251231&format=JSON",MISSING,NASA Open Data,2026-07-18T20:17:47.892511+00:00,True,modeled,"Điện Biên, Việt Nam"
2025-09-28,21.386,103.016,22.84,27.5,19.52,89.14,9.28,NASA POWER Daily API,"https://power.larc.nasa.gov/api/temporal/daily/point?parameters=PRECTOTCORR,T2M,T2M_MAX,T2M_MIN,RH2M&community=AG&longitude=103.016&latitude=21.386&start=20250101&end=20251231&format=JSON",MISSING,NASA Open Data,2026-07-18T20:17:47.892511+00:00,True,modeled,"Điện Biên, Việt Nam"
2025-09-29,21.386,103.016,21.19,23.73,18.77,92.15,82.1,NASA POWER Daily API,"https://power.larc.nasa.gov/api/temporal/daily/point?parameters=PRECTOTCORR,T2M,T2M_MAX,T2M_MIN,RH2M&community=AG&longitude=103.016&latitude=21.386&start=20250101&end=20251231&format=JSON",MISSING,NASA Open Data,2026-07-18T20:17:47.892511+00:00,True,modeled,"Điện Biên, Việt Nam"
2025-09-30,21.386,103.016,22.1,23.96,21.07,95.44,16.3,NASA POWER Daily API,"https://power.larc.nasa.gov/api/temporal/daily/point?parameters=PRECTOTCORR,T2M,T2M_MAX,T2M_MIN,RH2M&community=AG&longitude=103.016&latitude=21.386&start=20250101&end=20251231&format=JSON",MISSING,NASA Open Data,2026-07-18T20:17:47.892511+00:00,True,modeled,"Điện Biên, Việt Nam"
2025-10-01,21.386,103.016,23.34,26.77,20.17,88.98,7.6,NASA POWER Daily API,"https://power.larc.nasa.gov/api/temporal/daily/point?parameters=PRECTOTCORR,T2M,T2M_MAX,T2M_MIN,RH2M&community=AG&longitude=103.016&latitude=21.386&start=20250101&end=20251231&format=JSON",MISSING,NASA Open Data,2026-07-18T20:17:47.892511+00:00,True,modeled,"Điện Biên, Việt Nam"
2025-10-02,21.386,103.016,24.31,28.37,20.71,84.38,2.29,NASA POWER Daily API,"https://power.larc.nasa.gov/api/temporal/daily/point?parameters=PRECTOTCORR,T2M,T2M_MAX,T2M_MIN,RH2M&community=AG&longitude=103.016&latitude=21.386&start=20250101&end=20251231&format=JSON",MISSING,NASA Open Data,2026-07-18T20:17:47.892511+00:00,True,modeled,"Điện Biên, Việt Nam"
2025-10-03,21.386,103.016,25.07,29.82,20.45,82.41,1.41,NASA POWER Daily API,"https://power.larc.nasa.gov/api/temporal/daily/point?parameters=PRECTOTCORR,T2M,T2M_MAX,T2M_MIN,RH2M&community=AG&longitude=103.016&latitude=21.386&start=20250101&end=20251231&format=JSON",MISSING,NASA Open Data,2026-07-18T20:17:47.892511+00:00,True,modeled,"Điện Biên, Việt Nam"
2025-10-04,21.386,103.016,24.16,27.42,20.56,88.04,6.08,NASA POWER Daily API,"https://power.larc.nasa.gov/api/temporal/daily/point?parameters=PRECTOTCORR,T2M,T2M_MAX,T2M_MIN,RH2M&community=AG&longitude=103.016&latitude=21.386&start=20250101&end=20251231&format=JSON",MISSING,NASA Open Data,2026-07-18T20:17:47.892511+00:00,True,modeled,"Điện Biên, Việt Nam"
2025-10-05,21.386,103.016,23.84,28.06,20.28,87.52,0.69,NASA POWER Daily API,"https://power.larc.nasa.gov/api/temporal/daily/point?parameters=PRECTOTCORR,T2M,T2M_MAX,T2M_MIN,RH2M&community=AG&longitude=103.016&latitude=21.386&start=20250101&end=20251231&format=JSON",MISSING,NASA Open Data,2026-07-18T20:17:47.892511+00:00,True,modeled,"Điện Biên, Việt Nam"
2025-10-06,21.386,103.016,22.98,25.47,20.98,95.79,16.73,NASA POWER Daily API,"https://power.larc.nasa.gov/api/temporal/daily/point?parameters=PRECTOTCORR,T2M,T2M_MAX,T2M_MIN,RH2M&community=AG&longitude=103.016&latitude=21.386&start=20250101&end=20251231&format=JSON",MISSING,NASA Open Data,2026-07-18T20:17:47.892511+00:00,True,modeled,"Điện Biên, Việt Nam"
2025-10-07,21.386,103.016,21.64,23.33,19.25,96.07,17.22,NASA POWER Daily API,"https://power.larc.nasa.gov/api/temporal/daily/point?parameters=PRECTOTCORR,T2M,T2M_MAX,T2M_MIN,RH2M&community=AG&longitude=103.016&latitude=21.386&start=20250101&end=20251231&format=JSON",MISSING,NASA Open Data,2026-07-18T20:17:47.892511+00:00,True,modeled,"Điện Biên, Việt Nam"
2025-10-08,21.386,103.016,22.65,27.55,18.79,86.31,4.13,NASA POWER Daily API,"https://power.larc.nasa.gov/api/temporal/daily/point?parameters=PRECTOTCORR,T2M,T2M_MAX,T2M_MIN,RH2M&community=AG&longitude=103.016&latitude=21.386&start=20250101&end=20251231&format=JSON",MISSING,NASA Open Data,2026-07-18T20:17:47.892511+00:00,True,modeled,"Điện Biên, Việt Nam"
2025-10-09,21.386,103.016,22.72,28.08,18.87,83.85,0.92,NASA POWER Daily API,"https://power.larc.nasa.gov/api/temporal/daily/point?parameters=PRECTOTCORR,T2M,T2M_MAX,T2M_MIN,RH2M&community=AG&longitude=103.016&latitude=21.386&start=20250101&end=20251231&format=JSON",MISSING,NASA Open Data,2026-07-18T20:17:47.892511+00:00,True,modeled,"Điện Biên, Việt Nam"
2025-10-10,21.386,103.016,22.53,27.93,17.87,81.4,0.19,NASA POWER Daily API,"https://power.larc.nasa.gov/api/temporal/daily/point?parameters=PRECTOTCORR,T2M,T2M_MAX,T2M_MIN,RH2M&community=AG&longitude=103.016&latitude=21.386&start=20250101&end=20251231&format=JSON",MISSING,NASA Open Data,2026-07-18T20:17:47.892511+00:00,True,modeled,"Điện Biên, Việt Nam"
2025-10-11,21.386,103.016,22.83,28.38,17.83,80.23,0.02,NASA POWER Daily API,"https://power.larc.nasa.gov/api/temporal/daily/point?parameters=PRECTOTCORR,T2M,T2M_MAX,T2M_MIN,RH2M&community=AG&longitude=103.016&latitude=21.386&start=20250101&end=20251231&format=JSON",MISSING,NASA Open Data,2026-07-18T20:17:47.892511+00:00,True,modeled,"Điện Biên, Việt Nam"
2025-10-12,21.386,103.016,23.38,28.29,18.77,83.6,1.17,NASA POWER Daily API,"https://power.larc.nasa.gov/api/temporal/daily/point?parameters=PRECTOTCORR,T2M,T2M_MAX,T2M_MIN,RH2M&community=AG&longitude=103.016&latitude=21.386&start=20250101&end=20251231&format=JSON",MISSING,NASA Open Data,2026-07-18T20:17:47.892511+00:00,True,modeled,"Điện Biên, Việt Nam"
2025-10-13,21.386,103.016,23.48,28.88,19.37,85.44,1.08,NASA POWER Daily API,"https://power.larc.nasa.gov/api/temporal/daily/point?parameters=PRECTOTCORR,T2M,T2M_MAX,T2M_MIN,RH2M&community=AG&longitude=103.016&latitude=21.386&start=20250101&end=20251231&format=JSON",MISSING,NASA Open Data,2026-07-18T20:17:47.892511+00:00,True,modeled,"Điện Biên, Việt Nam"
2025-10-14,21.386,103.016,22.74,26.94,19.84,90.11,7.88,NASA POWER Daily API,"https://power.larc.nasa.gov/api/temporal/daily/point?parameters=PRECTOTCORR,T2M,T2M_MAX,T2M_MIN,RH2M&community=AG&longitude=103.016&latitude=21.386&start=20250101&end=20251231&format=JSON",MISSING,NASA Open Data,2026-07-18T20:17:47.892511+00:00,True,modeled,"Điện Biên, Việt Nam"
2025-10-15,21.386,103.016,22.15,25.5,19.96,91.86,8.93,NASA POWER Daily API,"https://power.larc.nasa.gov/api/temporal/daily/point?parameters=PRECTOTCORR,T2M,T2M_MAX,T2M_MIN,RH2M&community=AG&longitude=103.016&latitude=21.386&start=20250101&end=20251231&format=JSON",MISSING,NASA Open Data,2026-07-18T20:17:47.892511+00:00,True,modeled,"Điện Biên, Việt Nam"
2025-10-16,21.386,103.016,22.48,27.2,19.76,89.84,4.43,NASA POWER Daily API,"https://power.larc.nasa.gov/api/temporal/daily/point?parameters=PRECTOTCORR,T2M,T2M_MAX,T2M_MIN,RH2M&community=AG&longitude=103.016&latitude=21.386&start=20250101&end=20251231&format=JSON",MISSING,NASA Open Data,2026-07-18T20:17:47.892511+00:00,True,modeled,"Điện Biên, Việt Nam"
2025-10-17,21.386,103.016,22.16,27.04,18.67,83.01,0.06,NASA POWER Daily API,"https://power.larc.nasa.gov/api/temporal/daily/point?parameters=PRECTOTCORR,T2M,T2M_MAX,T2M_MIN,RH2M&community=AG&longitude=103.016&latitude=21.386&start=20250101&end=20251231&format=JSON",MISSING,NASA Open Data,2026-07-18T20:17:47.892511+00:00,True,modeled,"Điện Biên, Việt Nam"
2025-10-18,21.386,103.016,21.99,27.53,17.93,83.72,0.0,NASA POWER Daily API,"https://power.larc.nasa.gov/api/temporal/daily/point?parameters=PRECTOTCORR,T2M,T2M_MAX,T2M_MIN,RH2M&community=AG&longitude=103.016&latitude=21.386&start=20250101&end=20251231&format=JSON",MISSING,NASA Open Data,2026-07-18T20:17:47.892511+00:00,True,modeled,"Điện Biên, Việt Nam"
2025-10-19,21.386,103.016,22.04,27.39,18.05,85.16,0.32,NASA POWER Daily API,"https://power.larc.nasa.gov/api/temporal/daily/point?parameters=PRECTOTCORR,T2M,T2M_MAX,T2M_MIN,RH2M&community=AG&longitude=103.016&latitude=21.386&start=20250101&end=20251231&format=JSON",MISSING,NASA Open Data,2026-07-18T20:17:47.892511+00:00,True,modeled,"Điện Biên, Việt Nam"
2025-10-20,21.386,103.016,21.01,25.62,17.93,86.05,0.69,NASA POWER Daily API,"https://power.larc.nasa.gov/api/temporal/daily/point?parameters=PRECTOTCORR,T2M,T2M_MAX,T2M_MIN,RH2M&community=AG&longitude=103.016&latitude=21.386&start=20250101&end=20251231&format=JSON",MISSING,NASA Open Data,2026-07-18T20:17:47.892511+00:00,True,modeled,"Điện Biên, Việt Nam"
2025-10-21,21.386,103.016,19.33,23.99,15.92,84.51,0.98,NASA POWER Daily API,"https://power.larc.nasa.gov/api/temporal/daily/point?parameters=PRECTOTCORR,T2M,T2M_MAX,T2M_MIN,RH2M&community=AG&longitude=103.016&latitude=21.386&start=20250101&end=20251231&format=JSON",MISSING,NASA Open Data,2026-07-18T20:17:47.892511+00:00,True,modeled,"Điện Biên, Việt Nam"
2025-10-22,21.386,103.016,17.68,22.79,13.97,82.42,0.63,NASA POWER Daily API,"https://power.larc.nasa.gov/api/temporal/daily/point?parameters=PRECTOTCORR,T2M,T2M_MAX,T2M_MIN,RH2M&community=AG&longitude=103.016&latitude=21.386&start=20250101&end=20251231&format=JSON",MISSING,NASA Open Data,2026-07-18T20:17:47.892511+00:00,True,modeled,"Điện Biên, Việt Nam"
2025-10-23,21.386,103.016,16.4,20.54,12.83,82.8,0.13,NASA POWER Daily API,"https://power.larc.nasa.gov/api/temporal/daily/point?parameters=PRECTOTCORR,T2M,T2M_MAX,T2M_MIN,RH2M&community=AG&longitude=103.016&latitude=21.386&start=20250101&end=20251231&format=JSON",MISSING,NASA Open Data,2026-07-18T20:17:47.892511+00:00,True,modeled,"Điện Biên, Việt Nam"
2025-10-24,21.386,103.016,16.86,20.93,13.46,85.54,0.88,NASA POWER Daily API,"https://power.larc.nasa.gov/api/temporal/daily/point?parameters=PRECTOTCORR,T2M,T2M_MAX,T2M_MIN,RH2M&community=AG&longitude=103.016&latitude=21.386&start=20250101&end=20251231&format=JSON",MISSING,NASA Open Data,2026-07-18T20:17:47.892511+00:00,True,modeled,"Điện Biên, Việt Nam"
2025-10-25,21.386,103.016,17.91,22.67,14.37,88.43,1.16,NASA POWER Daily API,"https://power.larc.nasa.gov/api/temporal/daily/point?parameters=PRECTOTCORR,T2M,T2M_MAX,T2M_MIN,RH2M&community=AG&longitude=103.016&latitude=21.386&start=20250101&end=20251231&format=JSON",MISSING,NASA Open Data,2026-07-18T20:17:47.892511+00:00,True,modeled,"Điện Biên, Việt Nam"
2025-10-26,21.386,103.016,18.63,24.1,14.46,85.63,0.09,NASA POWER Daily API,"https://power.larc.nasa.gov/api/temporal/daily/point?parameters=PRECTOTCORR,T2M,T2M_MAX,T2M_MIN,RH2M&community=AG&longitude=103.016&latitude=21.386&start=20250101&end=20251231&format=JSON",MISSING,NASA Open Data,2026-07-18T20:17:47.892511+00:00,True,modeled,"Điện Biên, Việt Nam"
2025-10-27,21.386,103.016,18.77,24.52,14.59,84.05,0.0,NASA POWER Daily API,"https://power.larc.nasa.gov/api/temporal/daily/point?parameters=PRECTOTCORR,T2M,T2M_MAX,T2M_MIN,RH2M&community=AG&longitude=103.016&latitude=21.386&start=20250101&end=20251231&format=JSON",MISSING,NASA Open Data,2026-07-18T20:17:47.892511+00:00,True,modeled,"Điện Biên, Việt Nam"
2025-10-28,21.386,103.016,18.53,24.47,13.95,83.76,0.0,NASA POWER Daily API,"https://power.larc.nasa.gov/api/temporal/daily/point?parameters=PRECTOTCORR,T2M,T2M_MAX,T2M_MIN,RH2M&community=AG&longitude=103.016&latitude=21.386&start=20250101&end=20251231&format=JSON",MISSING,NASA Open Data,2026-07-18T20:17:47.892511+00:00,True,modeled,"Điện Biên, Việt Nam"
2025-10-29,21.386,103.016,19.11,25.16,14.03,83.36,0.0,NASA POWER Daily API,"https://power.larc.nasa.gov/api/temporal/daily/point?parameters=PRECTOTCORR,T2M,T2M_MAX,T2M_MIN,RH2M&community=AG&longitude=103.016&latitude=21.386&start=20250101&end=20251231&format=JSON",MISSING,NASA Open Data,2026-07-18T20:17:47.892511+00:00,True,modeled,"Điện Biên, Việt Nam"
2025-10-30,21.386,103.016,20.62,26.51,15.66,85.34,0.11,NASA POWER Daily API,"https://power.larc.nasa.gov/api/temporal/daily/point?parameters=PRECTOTCORR,T2M,T2M_MAX,T2M_MIN,RH2M&community=AG&longitude=103.016&latitude=21.386&start=20250101&end=20251231&format=JSON",MISSING,NASA Open Data,2026-07-18T20:17:47.892511+00:00,True,modeled,"Điện Biên, Việt Nam"
2025-10-31,21.386,103.016,20.98,25.98,17.35,88.97,1.76,NASA POWER Daily API,"https://power.larc.nasa.gov/api/temporal/daily/point?parameters=PRECTOTCORR,T2M,T2M_MAX,T2M_MIN,RH2M&community=AG&longitude=103.016&latitude=21.386&start=20250101&end=20251231&format=JSON",MISSING,NASA Open Data,2026-07-18T20:17:47.892511+00:00,True,modeled,"Điện Biên, Việt Nam"
2025-11-01,21.386,103.016,19.29,23.15,16.92,89.97,6.16,NASA POWER Daily API,"https://power.larc.nasa.gov/api/temporal/daily/point?parameters=PRECTOTCORR,T2M,T2M_MAX,T2M_MIN,RH2M&community=AG&longitude=103.016&latitude=21.386&start=20250101&end=20251231&format=JSON",MISSING,NASA Open Data,2026-07-18T20:17:47.892511+00:00,True,modeled,"Điện Biên, Việt Nam"
2025-11-02,21.386,103.016,17.56,20.79,15.51,93.36,6.99,NASA POWER Daily API,"https://power.larc.nasa.gov/api/temporal/daily/point?parameters=PRECTOTCORR,T2M,T2M_MAX,T2M_MIN,RH2M&community=AG&longitude=103.016&latitude=21.386&start=20250101&end=20251231&format=JSON",MISSING,NASA Open Data,2026-07-18T20:17:47.892511+00:00,True,modeled,"Điện Biên, Việt Nam"
2025-11-03,21.386,103.016,16.61,20.33,14.04,89.27,1.61,NASA POWER Daily API,"https://power.larc.nasa.gov/api/temporal/daily/point?parameters=PRECTOTCORR,T2M,T2M_MAX,T2M_MIN,RH2M&community=AG&longitude=103.016&latitude=21.386&start=20250101&end=20251231&format=JSON",MISSING,NASA Open Data,2026-07-18T20:17:47.892511+00:00,True,modeled,"Điện Biên, Việt Nam"
2025-11-04,21.386,103.016,16.92,21.4,13.61,85.37,0.46,NASA POWER Daily API,"https://power.larc.nasa.gov/api/temporal/daily/point?parameters=PRECTOTCORR,T2M,T2M_MAX,T2M_MIN,RH2M&community=AG&longitude=103.016&latitude=21.386&start=20250101&end=20251231&format=JSON",MISSING,NASA Open Data,2026-07-18T20:17:47.892511+00:00,True,modeled,"Điện Biên, Việt Nam"
2025-11-05,21.386,103.016,18.0,23.73,13.38,85.9,0.02,NASA POWER Daily API,"https://power.larc.nasa.gov/api/temporal/daily/point?parameters=PRECTOTCORR,T2M,T2M_MAX,T2M_MIN,RH2M&community=AG&longitude=103.016&latitude=21.386&start=20250101&end=20251231&format=JSON",MISSING,NASA Open Data,2026-07-18T20:17:47.892511+00:00,True,modeled,"Điện Biên, Việt Nam"
2025-11-06,21.386,103.016,19.96,26.11,15.1,85.0,0.09,NASA POWER Daily API,"https://power.larc.nasa.gov/api/temporal/daily/point?parameters=PRECTOTCORR,T2M,T2M_MAX,T2M_MIN,RH2M&community=AG&longitude=103.016&latitude=21.386&start=20250101&end=20251231&format=JSON",MISSING,NASA Open Data,2026-07-18T20:17:47.892511+00:00,True,modeled,"Điện Biên, Việt Nam"
2025-11-07,21.386,103.016,20.82,26.24,16.71,86.82,0.6,NASA POWER Daily API,"https://power.larc.nasa.gov/api/temporal/daily/point?parameters=PRECTOTCORR,T2M,T2M_MAX,T2M_MIN,RH2M&community=AG&longitude=103.016&latitude=21.386&start=20250101&end=20251231&format=JSON",MISSING,NASA Open Data,2026-07-18T20:17:47.892511+00:00,True,modeled,"Điện Biên, Việt Nam"
2025-11-08,21.386,103.016,21.29,25.69,18.24,92.34,13.75,NASA POWER Daily API,"https://power.larc.nasa.gov/api/temporal/daily/point?parameters=PRECTOTCORR,T2M,T2M_MAX,T2M_MIN,RH2M&community=AG&longitude=103.016&latitude=21.386&start=20250101&end=20251231&format=JSON",MISSING,NASA Open Data,2026-07-18T20:17:47.892511+00:00,True,modeled,"Điện Biên, Việt Nam"
2025-11-09,21.386,103.016,22.18,27.09,18.72,89.7,3.85,NASA POWER Daily API,"https://power.larc.nasa.gov/api/temporal/daily/point?parameters=PRECTOTCORR,T2M,T2M_MAX,T2M_MIN,RH2M&community=AG&longitude=103.016&latitude=21.386&start=20250101&end=20251231&format=JSON",MISSING,NASA Open Data,2026-07-18T20:17:47.892511+00:00,True,modeled,"Điện Biên, Việt Nam"
2025-11-10,21.386,103.016,22.06,26.61,18.97,92.28,4.39,NASA POWER Daily API,"https://power.larc.nasa.gov/api/temporal/daily/point?parameters=PRECTOTCORR,T2M,T2M_MAX,T2M_MIN,RH2M&community=AG&longitude=103.016&latitude=21.386&start=20250101&end=20251231&format=JSON",MISSING,NASA Open Data,2026-07-18T20:17:47.892511+00:00,True,modeled,"Điện Biên, Việt Nam"
2025-11-11,21.386,103.016,20.81,24.63,18.28,88.9,0.46,NASA POWER Daily API,"https://power.larc.nasa.gov/api/temporal/daily/point?parameters=PRECTOTCORR,T2M,T2M_MAX,T2M_MIN,RH2M&community=AG&longitude=103.016&latitude=21.386&start=20250101&end=20251231&format=JSON",MISSING,NASA Open Data,2026-07-18T20:17:47.892511+00:00,True,modeled,"Điện Biên, Việt Nam"
2025-11-12,21.386,103.016,18.86,23.45,15.39,84.84,0.11,NASA POWER Daily API,"https://power.larc.nasa.gov/api/temporal/daily/point?parameters=PRECTOTCORR,T2M,T2M_MAX,T2M_MIN,RH2M&community=AG&longitude=103.016&latitude=21.386&start=20250101&end=20251231&format=JSON",MISSING,NASA Open Data,2026-07-18T20:17:47.892511+00:00,True,modeled,"Điện Biên, Việt Nam"
2025-11-13,21.386,103.016,17.73,23.52,13.61,83.46,0.0,NASA POWER Daily API,"https://power.larc.nasa.gov/api/temporal/daily/point?parameters=PRECTOTCORR,T2M,T2M_MAX,T2M_MIN,RH2M&community=AG&longitude=103.016&latitude=21.386&start=20250101&end=20251231&format=JSON",MISSING,NASA Open Data,2026-07-18T20:17:47.892511+00:00,True,modeled,"Điện Biên, Việt Nam"
2025-11-14,21.386,103.016,16.83,22.82,12.27,81.97,0.0,NASA POWER Daily API,"https://power.larc.nasa.gov/api/temporal/daily/point?parameters=PRECTOTCORR,T2M,T2M_MAX,T2M_MIN,RH2M&community=AG&longitude=103.016&latitude=21.386&start=20250101&end=20251231&format=JSON",MISSING,NASA Open Data,2026-07-18T20:17:47.892511+00:00,True,modeled,"Điện Biên, Việt Nam"
2025-11-15,21.386,103.016,16.5,22.84,11.4,80.66,0.0,NASA POWER Daily API,"https://power.larc.nasa.gov/api/temporal/daily/point?parameters=PRECTOTCORR,T2M,T2M_MAX,T2M_MIN,RH2M&community=AG&longitude=103.016&latitude=21.386&start=20250101&end=20251231&format=JSON",MISSING,NASA Open Data,2026-07-18T20:17:47.892511+00:00,True,modeled,"Điện Biên, Việt Nam"
2025-11-16,21.386,103.016,17.32,23.87,11.45,83.94,0.0,NASA POWER Daily API,"https://power.larc.nasa.gov/api/temporal/daily/point?parameters=PRECTOTCORR,T2M,T2M_MAX,T2M_MIN,RH2M&community=AG&longitude=103.016&latitude=21.386&start=20250101&end=20251231&format=JSON",MISSING,NASA Open Data,2026-07-18T20:17:47.892511+00:00,True,modeled,"Điện Biên, Việt Nam"
2025-11-17,21.386,103.016,17.77,21.34,14.73,92.39,10.43,NASA POWER Daily API,"https://power.larc.nasa.gov/api/temporal/daily/point?parameters=PRECTOTCORR,T2M,T2M_MAX,T2M_MIN,RH2M&community=AG&longitude=103.016&latitude=21.386&start=20250101&end=20251231&format=JSON",MISSING,NASA Open Data,2026-07-18T20:17:47.892511+00:00,True,modeled,"Điện Biên, Việt Nam"
2025-11-18,21.386,103.016,14.6,16.91,10.62,91.63,23.08,NASA POWER Daily API,"https://power.larc.nasa.gov/api/temporal/daily/point?parameters=PRECTOTCORR,T2M,T2M_MAX,T2M_MIN,RH2M&community=AG&longitude=103.016&latitude=21.386&start=20250101&end=20251231&format=JSON",MISSING,NASA Open Data,2026-07-18T20:17:47.892511+00:00,True,modeled,"Điện Biên, Việt Nam"
2025-11-19,21.386,103.016,10.65,13.22,8.39,87.47,4.34,NASA POWER Daily API,"https://power.larc.nasa.gov/api/temporal/daily/point?parameters=PRECTOTCORR,T2M,T2M_MAX,T2M_MIN,RH2M&community=AG&longitude=103.016&latitude=21.386&start=20250101&end=20251231&format=JSON",MISSING,NASA Open Data,2026-07-18T20:17:47.892511+00:00,True,modeled,"Điện Biên, Việt Nam"
2025-11-20,21.386,103.016,12.47,17.42,9.22,80.5,0.0,NASA POWER Daily API,"https://power.larc.nasa.gov/api/temporal/daily/point?parameters=PRECTOTCORR,T2M,T2M_MAX,T2M_MIN,RH2M&community=AG&longitude=103.016&latitude=21.386&start=20250101&end=20251231&format=JSON",MISSING,NASA Open Data,2026-07-18T20:17:47.892511+00:00,True,modeled,"Điện Biên, Việt Nam"
2025-11-21,21.386,103.016,13.48,19.22,9.49,77.98,0.0,NASA POWER Daily API,"https://power.larc.nasa.gov/api/temporal/daily/point?parameters=PRECTOTCORR,T2M,T2M_MAX,T2M_MIN,RH2M&community=AG&longitude=103.016&latitude=21.386&start=20250101&end=20251231&format=JSON",MISSING,NASA Open Data,2026-07-18T20:17:47.892511+00:00,True,modeled,"Điện Biên, Việt Nam"
2025-11-22,21.386,103.016,13.62,20.36,8.09,79.62,0.0,NASA POWER Daily API,"https://power.larc.nasa.gov/api/temporal/daily/point?parameters=PRECTOTCORR,T2M,T2M_MAX,T2M_MIN,RH2M&community=AG&longitude=103.016&latitude=21.386&start=20250101&end=20251231&format=JSON",MISSING,NASA Open Data,2026-07-18T20:17:47.892511+00:00,True,modeled,"Điện Biên, Việt Nam"
2025-11-23,21.386,103.016,14.65,21.59,8.0,80.1,0.0,NASA POWER Daily API,"https://power.larc.nasa.gov/api/temporal/daily/point?parameters=PRECTOTCORR,T2M,T2M_MAX,T2M_MIN,RH2M&community=AG&longitude=103.016&latitude=21.386&start=20250101&end=20251231&format=JSON",MISSING,NASA Open Data,2026-07-18T20:17:47.892511+00:00,True,modeled,"Điện Biên, Việt Nam"
2025-11-24,21.386,103.016,14.98,21.5,10.26,82.86,0.0,NASA POWER Daily API,"https://power.larc.nasa.gov/api/temporal/daily/point?parameters=PRECTOTCORR,T2M,T2M_MAX,T2M_MIN,RH2M&community=AG&longitude=103.016&latitude=21.386&start=20250101&end=20251231&format=JSON",MISSING,NASA Open Data,2026-07-18T20:17:47.892511+00:00,True,modeled,"Điện Biên, Việt Nam"
2025-11-25,21.386,103.016,13.61,18.52,9.3,69.87,0.0,NASA POWER Daily API,"https://power.larc.nasa.gov/api/temporal/daily/point?parameters=PRECTOTCORR,T2M,T2M_MAX,T2M_MIN,RH2M&community=AG&longitude=103.016&latitude=21.386&start=20250101&end=20251231&format=JSON",MISSING,NASA Open Data,2026-07-18T20:17:47.892511+00:00,True,modeled,"Điện Biên, Việt Nam"
2025-11-26,21.386,103.016,12.42,19.34,6.16,72.73,0.0,NASA POWER Daily API,"https://power.larc.nasa.gov/api/temporal/daily/point?parameters=PRECTOTCORR,T2M,T2M_MAX,T2M_MIN,RH2M&community=AG&longitude=103.016&latitude=21.386&start=20250101&end=20251231&format=JSON",MISSING,NASA Open Data,2026-07-18T20:17:47.892511+00:00,True,modeled,"Điện Biên, Việt Nam"
2025-11-27,21.386,103.016,12.12,17.64,8.03,68.78,0.0,NASA POWER Daily API,"https://power.larc.nasa.gov/api/temporal/daily/point?parameters=PRECTOTCORR,T2M,T2M_MAX,T2M_MIN,RH2M&community=AG&longitude=103.016&latitude=21.386&start=20250101&end=20251231&format=JSON",MISSING,NASA Open Data,2026-07-18T20:17:47.892511+00:00,True,modeled,"Điện Biên, Việt Nam"
2025-11-28,21.386,103.016,12.0,18.31,5.59,61.41,0.0,NASA POWER Daily API,"https://power.larc.nasa.gov/api/temporal/daily/point?parameters=PRECTOTCORR,T2M,T2M_MAX,T2M_MIN,RH2M&community=AG&longitude=103.016&latitude=21.386&start=20250101&end=20251231&format=JSON",MISSING,NASA Open Data,2026-07-18T20:17:47.892511+00:00,True,modeled,"Điện Biên, Việt Nam"
2025-11-29,21.386,103.016,12.88,19.56,6.52,60.76,0.0,NASA POWER Daily API,"https://power.larc.nasa.gov/api/temporal/daily/point?parameters=PRECTOTCORR,T2M,T2M_MAX,T2M_MIN,RH2M&community=AG&longitude=103.016&latitude=21.386&start=20250101&end=20251231&format=JSON",MISSING,NASA Open Data,2026-07-18T20:17:47.892511+00:00,True,modeled,"Điện Biên, Việt Nam"
2025-11-30,21.386,103.016,14.07,20.84,7.9,64.97,0.0,NASA POWER Daily API,"https://power.larc.nasa.gov/api/temporal/daily/point?parameters=PRECTOTCORR,T2M,T2M_MAX,T2M_MIN,RH2M&community=AG&longitude=103.016&latitude=21.386&start=20250101&end=20251231&format=JSON",MISSING,NASA Open Data,2026-07-18T20:17:47.892511+00:00,True,modeled,"Điện Biên, Việt Nam"
2025-12-01,21.386,103.016,14.94,22.08,8.49,70.0,0.0,NASA POWER Daily API,"https://power.larc.nasa.gov/api/temporal/daily/point?parameters=PRECTOTCORR,T2M,T2M_MAX,T2M_MIN,RH2M&community=AG&longitude=103.016&latitude=21.386&start=20250101&end=20251231&format=JSON",MISSING,NASA Open Data,2026-07-18T20:17:47.892511+00:00,True,modeled,"Điện Biên, Việt Nam"
2025-12-02,21.386,103.016,15.89,22.66,10.3,71.92,0.0,NASA POWER Daily API,"https://power.larc.nasa.gov/api/temporal/daily/point?parameters=PRECTOTCORR,T2M,T2M_MAX,T2M_MIN,RH2M&community=AG&longitude=103.016&latitude=21.386&start=20250101&end=20251231&format=JSON",MISSING,NASA Open Data,2026-07-18T20:17:47.892511+00:00,True,modeled,"Điện Biên, Việt Nam"
2025-12-03,21.386,103.016,15.55,22.62,10.26,84.82,0.0,NASA POWER Daily API,"https://power.larc.nasa.gov/api/temporal/daily/point?parameters=PRECTOTCORR,T2M,T2M_MAX,T2M_MIN,RH2M&community=AG&longitude=103.016&latitude=21.386&start=20250101&end=20251231&format=JSON",MISSING,NASA Open Data,2026-07-18T20:17:47.892511+00:00,True,modeled,"Điện Biên, Việt Nam"
2025-12-04,21.386,103.016,15.66,22.16,10.41,83.45,0.0,NASA POWER Daily API,"https://power.larc.nasa.gov/api/temporal/daily/point?parameters=PRECTOTCORR,T2M,T2M_MAX,T2M_MIN,RH2M&community=AG&longitude=103.016&latitude=21.386&start=20250101&end=20251231&format=JSON",MISSING,NASA Open Data,2026-07-18T20:17:47.892511+00:00,True,modeled,"Điện Biên, Việt Nam"
2025-12-05,21.386,103.016,16.42,22.93,11.72,86.97,0.08,NASA POWER Daily API,"https://power.larc.nasa.gov/api/temporal/daily/point?parameters=PRECTOTCORR,T2M,T2M_MAX,T2M_MIN,RH2M&community=AG&longitude=103.016&latitude=21.386&start=20250101&end=20251231&format=JSON",MISSING,NASA Open Data,2026-07-18T20:17:47.892511+00:00,True,modeled,"Điện Biên, Việt Nam"
2025-12-06,21.386,103.016,17.05,23.48,12.04,82.51,0.07,NASA POWER Daily API,"https://power.larc.nasa.gov/api/temporal/daily/point?parameters=PRECTOTCORR,T2M,T2M_MAX,T2M_MIN,RH2M&community=AG&longitude=103.016&latitude=21.386&start=20250101&end=20251231&format=JSON",MISSING,NASA Open Data,2026-07-18T20:17:47.892511+00:00,True,modeled,"Điện Biên, Việt Nam"
2025-12-07,21.386,103.016,16.69,23.37,11.55,85.55,0.08,NASA POWER Daily API,"https://power.larc.nasa.gov/api/temporal/daily/point?parameters=PRECTOTCORR,T2M,T2M_MAX,T2M_MIN,RH2M&community=AG&longitude=103.016&latitude=21.386&start=20250101&end=20251231&format=JSON",MISSING,NASA Open Data,2026-07-18T20:17:47.892511+00:00,True,modeled,"Điện Biên, Việt Nam"
2025-12-08,21.386,103.016,14.95,20.1,10.94,86.83,0.09,NASA POWER Daily API,"https://power.larc.nasa.gov/api/temporal/daily/point?parameters=PRECTOTCORR,T2M,T2M_MAX,T2M_MIN,RH2M&community=AG&longitude=103.016&latitude=21.386&start=20250101&end=20251231&format=JSON",MISSING,NASA Open Data,2026-07-18T20:17:47.892511+00:00,True,modeled,"Điện Biên, Việt Nam"
2025-12-09,21.386,103.016,14.43,20.33,9.88,82.43,0.14,NASA POWER Daily API,"https://power.larc.nasa.gov/api/temporal/daily/point?parameters=PRECTOTCORR,T2M,T2M_MAX,T2M_MIN,RH2M&community=AG&longitude=103.016&latitude=21.386&start=20250101&end=20251231&format=JSON",MISSING,NASA Open Data,2026-07-18T20:17:47.892511+00:00,True,modeled,"Điện Biên, Việt Nam"
2025-12-10,21.386,103.016,14.72,21.43,8.97,80.05,0.0,NASA POWER Daily API,"https://power.larc.nasa.gov/api/temporal/daily/point?parameters=PRECTOTCORR,T2M,T2M_MAX,T2M_MIN,RH2M&community=AG&longitude=103.016&latitude=21.386&start=20250101&end=20251231&format=JSON",MISSING,NASA Open Data,2026-07-18T20:17:47.892511+00:00,True,modeled,"Điện Biên, Việt Nam"
2025-12-11,21.386,103.016,14.36,18.6,9.43,90.68,2.8,NASA POWER Daily API,"https://power.larc.nasa.gov/api/temporal/daily/point?parameters=PRECTOTCORR,T2M,T2M_MAX,T2M_MIN,RH2M&community=AG&longitude=103.016&latitude=21.386&start=20250101&end=20251231&format=JSON",MISSING,NASA Open Data,2026-07-18T20:17:47.892511+00:00,True,modeled,"Điện Biên, Việt Nam"
2025-12-12,21.386,103.016,16.38,19.64,13.73,92.88,2.69,NASA POWER Daily API,"https://power.larc.nasa.gov/api/temporal/daily/point?parameters=PRECTOTCORR,T2M,T2M_MAX,T2M_MIN,RH2M&community=AG&longitude=103.016&latitude=21.386&start=20250101&end=20251231&format=JSON",MISSING,NASA Open Data,2026-07-18T20:17:47.892511+00:00,True,modeled,"Điện Biên, Việt Nam"
2025-12-13,21.386,103.016,15.51,20.75,11.93,87.03,1.24,NASA POWER Daily API,"https://power.larc.nasa.gov/api/temporal/daily/point?parameters=PRECTOTCORR,T2M,T2M_MAX,T2M_MIN,RH2M&community=AG&longitude=103.016&latitude=21.386&start=20250101&end=20251231&format=JSON",MISSING,NASA Open Data,2026-07-18T20:17:47.892511+00:00,True,modeled,"Điện Biên, Việt Nam"
2025-12-14,21.386,103.016,13.23,19.19,8.98,81.2,0.16,NASA POWER Daily API,"https://power.larc.nasa.gov/api/temporal/daily/point?parameters=PRECTOTCORR,T2M,T2M_MAX,T2M_MIN,RH2M&community=AG&longitude=103.016&latitude=21.386&start=20250101&end=20251231&format=JSON",MISSING,NASA Open Data,2026-07-18T20:17:47.892511+00:00,True,modeled,"Điện Biên, Việt Nam"
2025-12-15,21.386,103.016,14.17,21.99,7.35,80.18,0.02,NASA POWER Daily API,"https://power.larc.nasa.gov/api/temporal/daily/point?parameters=PRECTOTCORR,T2M,T2M_MAX,T2M_MIN,RH2M&community=AG&longitude=103.016&latitude=21.386&start=20250101&end=20251231&format=JSON",MISSING,NASA Open Data,2026-07-18T20:17:47.892511+00:00,True,modeled,"Điện Biên, Việt Nam"
2025-12-16,21.386,103.016,15.5,23.06,9.73,82.14,0.02,NASA POWER Daily API,"https://power.larc.nasa.gov/api/temporal/daily/point?parameters=PRECTOTCORR,T2M,T2M_MAX,T2M_MIN,RH2M&community=AG&longitude=103.016&latitude=21.386&start=20250101&end=20251231&format=JSON",MISSING,NASA Open Data,2026-07-18T20:17:47.892511+00:00,True,modeled,"Điện Biên, Việt Nam"
2025-12-17,21.386,103.016,15.73,21.57,11.6,86.76,1.1,NASA POWER Daily API,"https://power.larc.nasa.gov/api/temporal/daily/point?parameters=PRECTOTCORR,T2M,T2M_MAX,T2M_MIN,RH2M&community=AG&longitude=103.016&latitude=21.386&start=20250101&end=20251231&format=JSON",MISSING,NASA Open Data,2026-07-18T20:17:47.892511+00:00,True,modeled,"Điện Biên, Việt Nam"
2025-12-18,21.386,103.016,14.99,19.81,11.32,86.38,0.74,NASA POWER Daily API,"https://power.larc.nasa.gov/api/temporal/daily/point?parameters=PRECTOTCORR,T2M,T2M_MAX,T2M_MIN,RH2M&community=AG&longitude=103.016&latitude=21.386&start=20250101&end=20251231&format=JSON",MISSING,NASA Open Data,2026-07-18T20:17:47.892511+00:00,True,modeled,"Điện Biên, Việt Nam"
2025-12-19,21.386,103.016,16.1,22.69,10.48,80.02,0.01,NASA POWER Daily API,"https://power.larc.nasa.gov/api/temporal/daily/point?parameters=PRECTOTCORR,T2M,T2M_MAX,T2M_MIN,RH2M&community=AG&longitude=103.016&latitude=21.386&start=20250101&end=20251231&format=JSON",MISSING,NASA Open Data,2026-07-18T20:17:47.892511+00:00,True,modeled,"Điện Biên, Việt Nam"
2025-12-20,21.386,103.016,15.74,22.57,9.86,79.68,0.0,NASA POWER Daily API,"https://power.larc.nasa.gov/api/temporal/daily/point?parameters=PRECTOTCORR,T2M,T2M_MAX,T2M_MIN,RH2M&community=AG&longitude=103.016&latitude=21.386&start=20250101&end=20251231&format=JSON",MISSING,NASA Open Data,2026-07-18T20:17:47.892511+00:00,True,modeled,"Điện Biên, Việt Nam"
2025-12-21,21.386,103.016,15.52,21.67,11.54,84.78,0.0,NASA POWER Daily API,"https://power.larc.nasa.gov/api/temporal/daily/point?parameters=PRECTOTCORR,T2M,T2M_MAX,T2M_MIN,RH2M&community=AG&longitude=103.016&latitude=21.386&start=20250101&end=20251231&format=JSON",MISSING,NASA Open Data,2026-07-18T20:17:47.892511+00:00,True,modeled,"Điện Biên, Việt Nam"
2025-12-22,21.386,103.016,16.64,22.83,10.7,77.76,0.0,NASA POWER Daily API,"https://power.larc.nasa.gov/api/temporal/daily/point?parameters=PRECTOTCORR,T2M,T2M_MAX,T2M_MIN,RH2M&community=AG&longitude=103.016&latitude=21.386&start=20250101&end=20251231&format=JSON",MISSING,NASA Open Data,2026-07-18T20:17:47.892511+00:00,True,modeled,"Điện Biên, Việt Nam"
2025-12-23,21.386,103.016,16.96,22.78,12.41,78.28,0.0,NASA POWER Daily API,"https://power.larc.nasa.gov/api/temporal/daily/point?parameters=PRECTOTCORR,T2M,T2M_MAX,T2M_MIN,RH2M&community=AG&longitude=103.016&latitude=21.386&start=20250101&end=20251231&format=JSON",MISSING,NASA Open Data,2026-07-18T20:17:47.892511+00:00,True,modeled,"Điện Biên, Việt Nam"
2025-12-24,21.386,103.016,17.38,23.63,12.65,80.76,0.05,NASA POWER Daily API,"https://power.larc.nasa.gov/api/temporal/daily/point?parameters=PRECTOTCORR,T2M,T2M_MAX,T2M_MIN,RH2M&community=AG&longitude=103.016&latitude=21.386&start=20250101&end=20251231&format=JSON",MISSING,NASA Open Data,2026-07-18T20:17:47.892511+00:00,True,modeled,"Điện Biên, Việt Nam"
2025-12-25,21.386,103.016,12.89,15.18,9.04,85.23,0.74,NASA POWER Daily API,"https://power.larc.nasa.gov/api/temporal/daily/point?parameters=PRECTOTCORR,T2M,T2M_MAX,T2M_MIN,RH2M&community=AG&longitude=103.016&latitude=21.386&start=20250101&end=20251231&format=JSON",MISSING,NASA Open Data,2026-07-18T20:17:47.892511+00:00,True,modeled,"Điện Biên, Việt Nam"
2025-12-26,21.386,103.016,12.48,18.95,8.47,77.52,0.35,NASA POWER Daily API,"https://power.larc.nasa.gov/api/temporal/daily/point?parameters=PRECTOTCORR,T2M,T2M_MAX,T2M_MIN,RH2M&community=AG&longitude=103.016&latitude=21.386&start=20250101&end=20251231&format=JSON",MISSING,NASA Open Data,2026-07-18T20:17:47.892511+00:00,True,modeled,"Điện Biên, Việt Nam"
2025-12-27,21.386,103.016,12.75,20.13,6.71,79.23,0.22,NASA POWER Daily API,"https://power.larc.nasa.gov/api/temporal/daily/point?parameters=PRECTOTCORR,T2M,T2M_MAX,T2M_MIN,RH2M&community=AG&longitude=103.016&latitude=21.386&start=20250101&end=20251231&format=JSON",MISSING,NASA Open Data,2026-07-18T20:17:47.892511+00:00,True,modeled,"Điện Biên, Việt Nam"
2025-12-28,21.386,103.016,14.27,21.23,9.28,83.76,0.08,NASA POWER Daily API,"https://power.larc.nasa.gov/api/temporal/daily/point?parameters=PRECTOTCORR,T2M,T2M_MAX,T2M_MIN,RH2M&community=AG&longitude=103.016&latitude=21.386&start=20250101&end=20251231&format=JSON",MISSING,NASA Open Data,2026-07-18T20:17:47.892511+00:00,True,modeled,"Điện Biên, Việt Nam"
2025-12-29,21.386,103.016,15.75,22.92,10.33,82.84,0.05,NASA POWER Daily API,"https://power.larc.nasa.gov/api/temporal/daily/point?parameters=PRECTOTCORR,T2M,T2M_MAX,T2M_MIN,RH2M&community=AG&longitude=103.016&latitude=21.386&start=20250101&end=20251231&format=JSON",MISSING,NASA Open Data,2026-07-18T20:17:47.892511+00:00,True,modeled,"Điện Biên, Việt Nam"
2025-12-30,21.386,103.016,15.92,23.11,10.88,82.42,0.03,NASA POWER Daily API,"https://power.larc.nasa.gov/api/temporal/daily/point?parameters=PRECTOTCORR,T2M,T2M_MAX,T2M_MIN,RH2M&community=AG&longitude=103.016&latitude=21.386&start=20250101&end=20251231&format=JSON",MISSING,NASA Open Data,2026-07-18T20:17:47.892511+00:00,True,modeled,"Điện Biên, Việt Nam"
2025-12-31,21.386,103.016,16.13,22.74,10.66,78.58,0.0,NASA POWER Daily API,"https://power.larc.nasa.gov/api/temporal/daily/point?parameters=PRECTOTCORR,T2M,T2M_MAX,T2M_MIN,RH2M&community=AG&longitude=103.016&latitude=21.386&start=20250101&end=20251231&format=JSON",MISSING,NASA Open Data,2026-07-18T20:17:47.892511+00:00,True,modeled,"Điện Biên, Việt Nam"
